2026-08-31 07:31:44.018 +02:00 [INF] CreateDatabaseOnStartup is enabled - initializing database...
2026-08-31 07:31:44.480 +02:00 [INF] Connected to PostgreSQL successfully.
2026-08-31 07:31:44.486 +02:00 [INF] Executing script: V1_0_1__pre_user.sql
2026-08-31 07:31:44.545 +02:00 [INF] Script executed successfully: V1_0_1__pre_user.sql
2026-08-31 07:31:44.551 +02:00 [INF] Executing script: V1_0_2__pre_schema.sql
2026-08-31 07:31:44.572 +02:00 [INF] Script executed successfully: V1_0_2__pre_schema.sql
2026-08-31 07:31:44.576 +02:00 [INF] Executing script: V1_0_3__sequence.sql
2026-08-31 07:31:44.588 +02:00 [INF] Script executed successfully: V1_0_3__sequence.sql
2026-08-31 07:31:44.592 +02:00 [INF] Executing script: V1_0_4__functions.sql
2026-08-31 07:31:44.609 +02:00 [INF] Script executed successfully: V1_0_4__functions.sql
2026-08-31 07:31:44.612 +02:00 [INF] Executing script: V1_0_5__stored_procs.sql
2026-08-31 07:31:44.620 +02:00 [INF] Script executed successfully: V1_0_5__stored_procs.sql
2026-08-31 07:31:44.627 +02:00 [INF] Executing script: V1_0_6__tables.sql
2026-08-31 07:31:44.638 +02:00 [INF] Script executed successfully: V1_0_6__tables.sql
2026-08-31 07:31:44.647 +02:00 [INF] Database initialization completed.
2026-08-31 07:31:45.426 +02:00 [INF] Starting Kafka consumer for topic: poc-fraud-dev with batch processing
2026-08-31 07:31:45.583 +02:00 [INF] Now listening on: http://localhost:5237
2026-08-31 07:31:45.663 +02:00 [INF] Application started. Press Ctrl+C to shut down.
2026-08-31 07:31:45.666 +02:00 [INF] Hosting environment: LOC
2026-08-31 07:31:45.670 +02:00 [INF] Content root path: C:\Development\Therron\training\src\fraud_poc_project_ui
2026-08-31 07:31:49.521 +02:00 [INF] Partitions assigned: poc-fraud-dev [[0]]
2026-08-31 07:32:05.101 +02:00 [INF] FraudKafkaProducer initialized for application: fraud_poc
2026-08-31 07:32:06.153 +02:00 [DBG] Successfully produced message to topic: poc-fraud-dev, partition: 0, offset: 255, correlationId: "586b7dc7-8a0f-4def-814f-601326aee23c"
2026-08-31 07:32:06.176 +02:00 [DBG] Successfully produced message to topic: poc-fraud-dev, partition: 0, offset: 256, correlationId: "7e19f848-d8da-405a-b710-354d52c04f52"
2026-08-31 07:32:06.209 +02:00 [DBG] Successfully produced message to topic: poc-fraud-dev, partition: 0, offset: 257, correlationId: "dc7ac894-ac04-4e17-b405-2f835d4a5450"
2026-08-31 07:32:06.234 +02:00 [DBG] Successfully produced message to topic: poc-fraud-dev, partition: 0, offset: 258, correlationId: "b4a424c7-f104-4dd9-8b6f-99ae3629fcda"
2026-08-31 07:32:06.257 +02:00 [DBG] Successfully produced message to topic: poc-fraud-dev, partition: 0, offset: 259, correlationId: "2e96318c-6823-46e0-9498-13604e986558"
2026-08-31 07:32:06.283 +02:00 [DBG] Successfully produced message to topic: poc-fraud-dev, partition: 0, offset: 260, correlationId: "407f5a47-8be1-4490-867e-fc2e400c4d38"
2026-08-31 07:32:06.313 +02:00 [DBG] Successfully produced message to topic: poc-fraud-dev, partition: 0, offset: 261, correlationId: "704d02ea-6967-4bf2-9cca-155636cef754"
2026-08-31 07:32:06.343 +02:00 [DBG] Successfully produced message to topic: poc-fraud-dev, partition: 0, offset: 262, correlationId: "de419e27-a337-418d-a6b9-73cad7e6a4c7"
2026-08-31 07:32:06.374 +02:00 [DBG] Successfully produced message to topic: poc-fraud-dev, partition: 0, offset: 263, correlationId: "c42d2afc-5f02-43ce-a3b4-4dfcaf7fa515"
2026-08-31 07:32:06.405 +02:00 [DBG] Successfully produced message to topic: poc-fraud-dev, partition: 0, offset: 264, correlationId: "61ab483d-30fc-49fa-b6f1-442baece9669"
2026-08-31 07:32:06.436 +02:00 [DBG] Successfully produced message to topic: poc-fraud-dev, partition: 0, offset: 265, correlationId: "2f20fefd-ef41-4e64-af7b-0542637191fc"
2026-08-31 07:32:06.466 +02:00 [DBG] Successfully produced message to topic: poc-fraud-dev, partition: 0, offset: 266, correlationId: "3c82e4c1-e30e-444d-b5a2-ff1a5330118f"
2026-08-31 07:32:06.497 +02:00 [DBG] Successfully produced message to topic: poc-fraud-dev, partition: 0, offset: 267, correlationId: "f4249352-60ea-4efc-ab4e-b70a340b447d"
2026-08-31 07:32:06.528 +02:00 [DBG] Successfully produced message to topic: poc-fraud-dev, partition: 0, offset: 268, correlationId: "4b73d95d-e049-4d7e-98c2-5fe37a50a787"
2026-08-31 07:32:06.555 +02:00 [DBG] Resilience pipeline executing. Source: 'exception/(null)', Operation Key: 'null'
2026-08-31 07:32:06.560 +02:00 [DBG] Successfully produced message to topic: poc-fraud-dev, partition: 0, offset: 269, correlationId: "f5d5d223-aff3-41b3-a8a1-35a411ad611e"
2026-08-31 07:32:06.590 +02:00 [DBG] Successfully produced message to topic: poc-fraud-dev, partition: 0, offset: 270, correlationId: "325721f9-24ae-44c9-b5e3-aff165d0ce20"
2026-08-31 07:32:06.621 +02:00 [DBG] Successfully produced message to topic: poc-fraud-dev, partition: 0, offset: 271, correlationId: "2c83c897-87b6-4d83-bf1c-c042dbf518f3"
2026-08-31 07:32:06.640 +02:00 [DBG] Successfully produced message to topic: poc-fraud-dev, partition: 0, offset: 272, correlationId: "7ea78aec-11f5-4ddc-b009-950141a54f7d"
2026-08-31 07:32:06.659 +02:00 [DBG] Successfully produced message to topic: poc-fraud-dev, partition: 0, offset: 273, correlationId: "8d3fcc35-8d6f-41af-b78e-3e02c0d1c615"
2026-08-31 07:32:06.674 +02:00 [INF] Execution attempt. Source: 'exception/(null)/Retry', Operation Key: 'null', Result: 'void', Handled: 'false', Attempt: '0', Execution Time: 105.9728ms
2026-08-31 07:32:06.682 +02:00 [DBG] Successfully produced message to topic: poc-fraud-dev, partition: 0, offset: 274, correlationId: "59ba4068-0d76-479d-a672-a95af07e519d"
2026-08-31 07:32:06.685 +02:00 [DBG] Resilience pipeline executed. Source: 'exception/(null)', Operation Key: 'null', Result: 'void', Execution Time: 129.4908ms
2026-08-31 07:32:06.689 +02:00 [INF] Processed transaction d5bae260-afd4-4e03-8a74-2440d649ce75: flagged=true, score=70
2026-08-31 07:32:06.692 +02:00 [INF] Transaction data FraudEventRecord { Event = TransactionEvent { PublishedAt = 28/08/2026 02:12:57 PM, Version = 1.0, CorrelationId = 9ca20c6c-218e-4abb-967b-0a2d15ed1da1, Id = 0, KafkaTopic = poc-fraud-dev, TransactionId = d5bae260-afd4-4e03-8a74-2440d649ce75, CustomerId = CUST-0027, AccountId = ACC-00249, Amount = 5000, Currency = ZAR, MerchantName = Merchant-13, MerchantCategory = money_transfer, TransactionType = CNP, Channel = Online, CountryCode = NG, TransactionTime = 28/08/2026 02:12:57 PM }, RuleResults = System.Collections.Generic.List`1[fraud_poc_project_buss.Models.Fraud.FraudRuleSetRecord], IsFlagged = True, FraudScore = 70, FlaggedReason = FOREIGN_CNP, HIGH_RISK_MERCHANT, ROUND_AMOUNT }: 
2026-08-31 07:32:06.694 +02:00 [DBG] Resilience pipeline executing. Source: 'exception/(null)', Operation Key: 'null'
2026-08-31 07:32:06.698 +02:00 [DBG] Successfully produced message to topic: poc-fraud-dev, partition: 0, offset: 275, correlationId: "3bc928e3-19c5-4c76-be20-029556f1eec1"
2026-08-31 07:32:06.708 +02:00 [INF] Execution attempt. Source: 'exception/(null)/Retry', Operation Key: 'null', Result: 'void', Handled: 'false', Attempt: '0', Execution Time: 9.3204ms
2026-08-31 07:32:06.713 +02:00 [DBG] Resilience pipeline executed. Source: 'exception/(null)', Operation Key: 'null', Result: 'void', Execution Time: 18.2762ms
2026-08-31 07:32:06.715 +02:00 [INF] Processed transaction fab926e5-d80f-4f81-a5a8-9e91116319b5: flagged=false, score=25
2026-08-31 07:32:06.717 +02:00 [INF] Transaction data FraudEventRecord { Event = TransactionEvent { PublishedAt = 28/08/2026 02:12:57 PM, Version = 1.0, CorrelationId = 8e56ed26-5646-46a9-91aa-d46921355f36, Id = 0, KafkaTopic = poc-fraud-dev, TransactionId = fab926e5-d80f-4f81-a5a8-9e91116319b5, CustomerId = CUST-0032, AccountId = ACC-00350, Amount = 2975.06, Currency = ZAR, MerchantName = Merchant-30, MerchantCategory = gambling, TransactionType = CNP, Channel = ATM, CountryCode = ZA, TransactionTime = 28/08/2026 02:12:57 PM }, RuleResults = System.Collections.Generic.List`1[fraud_poc_project_buss.Models.Fraud.FraudRuleSetRecord], IsFlagged = False, FraudScore = 25, FlaggedReason =  }: 
2026-08-31 07:32:06.719 +02:00 [DBG] Resilience pipeline executing. Source: 'exception/(null)', Operation Key: 'null'
2026-08-31 07:32:06.725 +02:00 [DBG] Successfully produced message to topic: poc-fraud-dev, partition: 0, offset: 276, correlationId: "72c8c50c-b15b-4d0b-a460-4146420a115d"
2026-08-31 07:32:06.732 +02:00 [INF] Execution attempt. Source: 'exception/(null)/Retry', Operation Key: 'null', Result: 'void', Handled: 'false', Attempt: '0', Execution Time: 10.5977ms
2026-08-31 07:32:06.736 +02:00 [DBG] Resilience pipeline executed. Source: 'exception/(null)', Operation Key: 'null', Result: 'void', Execution Time: 16.9931ms
2026-08-31 07:32:06.738 +02:00 [INF] Processed transaction 0a889a5a-dafd-4141-a9fb-524cc474a438: flagged=false, score=25
2026-08-31 07:32:06.739 +02:00 [INF] Transaction data FraudEventRecord { Event = TransactionEvent { PublishedAt = 31/08/2026 05:32:05 AM, Version = 1.0, CorrelationId = 586b7dc7-8a0f-4def-814f-601326aee23c, Id = 0, KafkaTopic = poc-fraud-dev, TransactionId = 0a889a5a-dafd-4141-a9fb-524cc474a438, CustomerId = CUST-0133, AccountId = ACC-00198, Amount = 1710.71, Currency = ZAR, MerchantName = Merchant-57, MerchantCategory = gambling, TransactionType = POS, Channel = Online, CountryCode = ZA, TransactionTime = 31/08/2026 05:32:05 AM }, RuleResults = System.Collections.Generic.List`1[fraud_poc_project_buss.Models.Fraud.FraudRuleSetRecord], IsFlagged = False, FraudScore = 25, FlaggedReason =  }: 
2026-08-31 07:32:06.743 +02:00 [INF] Successfully processed batch of 3 messages in 531.6906ms (5.64 msg/sec)
2026-08-31 07:32:06.745 +02:00 [INF] Processing batch of 3 messages (trigger: timeout)
2026-08-31 07:32:06.758 +02:00 [DBG] Committed offset: 255
2026-08-31 07:32:06.758 +02:00 [DBG] Successfully produced message to topic: poc-fraud-dev, partition: 0, offset: 277, correlationId: "11999e2e-11b2-43c3-a6b3-64c31d99495f"
2026-08-31 07:32:06.762 +02:00 [DBG] Resilience pipeline executing. Source: 'exception/(null)', Operation Key: 'null'
2026-08-31 07:32:06.773 +02:00 [INF] Execution attempt. Source: 'exception/(null)/Retry', Operation Key: 'null', Result: 'void', Handled: 'false', Attempt: '0', Execution Time: 8.3232ms
2026-08-31 07:32:06.776 +02:00 [DBG] Resilience pipeline executed. Source: 'exception/(null)', Operation Key: 'null', Result: 'void', Execution Time: 13.7874ms
2026-08-31 07:32:06.778 +02:00 [INF] Processed transaction 8c66b3e4-b389-4cbb-ad62-22a2b1c8930a: flagged=false, score=25
2026-08-31 07:32:06.779 +02:00 [INF] Transaction data FraudEventRecord { Event = TransactionEvent { PublishedAt = 31/08/2026 05:32:06 AM, Version = 1.0, CorrelationId = 7e19f848-d8da-405a-b710-354d52c04f52, Id = 0, KafkaTopic = poc-fraud-dev, TransactionId = 8c66b3e4-b389-4cbb-ad62-22a2b1c8930a, CustomerId = CUST-0115, AccountId = ACC-00381, Amount = 2505.93, Currency = ZAR, MerchantName = Merchant-41, MerchantCategory = money_transfer, TransactionType = POS, Channel = ATM, CountryCode = ZA, TransactionTime = 31/08/2026 05:32:06 AM }, RuleResults = System.Collections.Generic.List`1[fraud_poc_project_buss.Models.Fraud.FraudRuleSetRecord], IsFlagged = False, FraudScore = 25, FlaggedReason =  }: 
2026-08-31 07:32:06.780 +02:00 [DBG] Resilience pipeline executing. Source: 'exception/(null)', Operation Key: 'null'
2026-08-31 07:32:06.785 +02:00 [DBG] Successfully produced message to topic: poc-fraud-dev, partition: 0, offset: 278, correlationId: "3fd3e824-a58a-437d-a9d9-ea960b3e08e7"
2026-08-31 07:32:06.789 +02:00 [INF] Execution attempt. Source: 'exception/(null)/Retry', Operation Key: 'null', Result: 'void', Handled: 'false', Attempt: '0', Execution Time: 7.7035ms
2026-08-31 07:32:06.793 +02:00 [DBG] Resilience pipeline executed. Source: 'exception/(null)', Operation Key: 'null', Result: 'void', Execution Time: 12.4014ms
2026-08-31 07:32:06.794 +02:00 [INF] Processed transaction fb61ef79-4567-41d3-9660-3e9e9e6c2023: flagged=false, score=0
2026-08-31 07:32:06.795 +02:00 [INF] Transaction data FraudEventRecord { Event = TransactionEvent { PublishedAt = 31/08/2026 05:32:06 AM, Version = 1.0, CorrelationId = dc7ac894-ac04-4e17-b405-2f835d4a5450, Id = 0, KafkaTopic = poc-fraud-dev, TransactionId = fb61ef79-4567-41d3-9660-3e9e9e6c2023, CustomerId = CUST-0094, AccountId = ACC-00122, Amount = 4784.84, Currency = ZAR, MerchantName = Merchant-8, MerchantCategory = retail, TransactionType = CNP, Channel = Mobile, CountryCode = ZA, TransactionTime = 31/08/2026 05:32:06 AM }, RuleResults = System.Collections.Generic.List`1[fraud_poc_project_buss.Models.Fraud.FraudRuleSetRecord], IsFlagged = False, FraudScore = 0, FlaggedReason =  }: 
2026-08-31 07:32:06.797 +02:00 [DBG] Resilience pipeline executing. Source: 'exception/(null)', Operation Key: 'null'
2026-08-31 07:32:06.805 +02:00 [INF] Execution attempt. Source: 'exception/(null)/Retry', Operation Key: 'null', Result: 'void', Handled: 'false', Attempt: '0', Execution Time: 6.2974ms
2026-08-31 07:32:06.808 +02:00 [DBG] Resilience pipeline executed. Source: 'exception/(null)', Operation Key: 'null', Result: 'void', Execution Time: 11.1762ms
2026-08-31 07:32:06.810 +02:00 [INF] Processed transaction 3c45d0a0-94a1-4e17-8b4b-558ffb47e1fc: flagged=false, score=25
2026-08-31 07:32:06.812 +02:00 [INF] Transaction data FraudEventRecord { Event = TransactionEvent { PublishedAt = 31/08/2026 05:32:06 AM, Version = 1.0, CorrelationId = b4a424c7-f104-4dd9-8b6f-99ae3629fcda, Id = 0, KafkaTopic = poc-fraud-dev, TransactionId = 3c45d0a0-94a1-4e17-8b4b-558ffb47e1fc, CustomerId = CUST-0088, AccountId = ACC-00238, Amount = 1802.79, Currency = ZAR, MerchantName = Merchant-68, MerchantCategory = crypto, TransactionType = ATM, Channel = Mobile, CountryCode = ZA, TransactionTime = 31/08/2026 05:32:06 AM }, RuleResults = System.Collections.Generic.List`1[fraud_poc_project_buss.Models.Fraud.FraudRuleSetRecord], IsFlagged = False, FraudScore = 25, FlaggedReason =  }: 
2026-08-31 07:32:06.813 +02:00 [DBG] Resilience pipeline executing. Source: 'exception/(null)', Operation Key: 'null'
2026-08-31 07:32:06.818 +02:00 [DBG] Successfully produced message to topic: poc-fraud-dev, partition: 0, offset: 279, correlationId: "26425827-c47d-4ed7-bce5-e0ff4ce38d3f"
2026-08-31 07:32:06.822 +02:00 [INF] Execution attempt. Source: 'exception/(null)/Retry', Operation Key: 'null', Result: 'void', Handled: 'false', Attempt: '0', Execution Time: 7.1881ms
2026-08-31 07:32:06.825 +02:00 [DBG] Resilience pipeline executed. Source: 'exception/(null)', Operation Key: 'null', Result: 'void', Execution Time: 11.7728ms
2026-08-31 07:32:06.827 +02:00 [INF] Processed transaction 8f908614-f8eb-40d8-a84e-2f1d2f2f9f88: flagged=false, score=0
2026-08-31 07:32:06.828 +02:00 [INF] Transaction data FraudEventRecord { Event = TransactionEvent { PublishedAt = 31/08/2026 05:32:06 AM, Version = 1.0, CorrelationId = 2e96318c-6823-46e0-9498-13604e986558, Id = 0, KafkaTopic = poc-fraud-dev, TransactionId = 8f908614-f8eb-40d8-a84e-2f1d2f2f9f88, CustomerId = CUST-0138, AccountId = ACC-00357, Amount = 4129.50, Currency = ZAR, MerchantName = Merchant-42, MerchantCategory = fuel, TransactionType = CNP, Channel = Mobile, CountryCode = ZA, TransactionTime = 31/08/2026 05:32:06 AM }, RuleResults = System.Collections.Generic.List`1[fraud_poc_project_buss.Models.Fraud.FraudRuleSetRecord], IsFlagged = False, FraudScore = 0, FlaggedReason =  }: 
2026-08-31 07:32:06.830 +02:00 [DBG] Resilience pipeline executing. Source: 'exception/(null)', Operation Key: 'null'
2026-08-31 07:32:06.836 +02:00 [DBG] Successfully produced message to topic: poc-fraud-dev, partition: 0, offset: 280, correlationId: "4108c14c-e4bb-4727-a60e-75b650d3e817"
2026-08-31 07:32:06.839 +02:00 [INF] Execution attempt. Source: 'exception/(null)/Retry', Operation Key: 'null', Result: 'void', Handled: 'false', Attempt: '0', Execution Time: 8.1229ms
2026-08-31 07:32:06.842 +02:00 [DBG] Resilience pipeline executed. Source: 'exception/(null)', Operation Key: 'null', Result: 'void', Execution Time: 12.691ms
2026-08-31 07:32:06.844 +02:00 [INF] Processed transaction 889683de-63d4-473a-ad4c-d2068fcadd3d: flagged=false, score=35
2026-08-31 07:32:06.846 +02:00 [INF] Transaction data FraudEventRecord { Event = TransactionEvent { PublishedAt = 31/08/2026 05:32:06 AM, Version = 1.0, CorrelationId = 407f5a47-8be1-4490-867e-fc2e400c4d38, Id = 0, KafkaTopic = poc-fraud-dev, TransactionId = 889683de-63d4-473a-ad4c-d2068fcadd3d, CustomerId = CUST-0128, AccountId = ACC-00364, Amount = 5000, Currency = ZAR, MerchantName = Merchant-50, MerchantCategory = money_transfer, TransactionType = ATM, Channel = ATM, CountryCode = NG, TransactionTime = 31/08/2026 05:32:06 AM }, RuleResults = System.Collections.Generic.List`1[fraud_poc_project_buss.Models.Fraud.FraudRuleSetRecord], IsFlagged = False, FraudScore = 35, FlaggedReason =  }: 
2026-08-31 07:32:06.847 +02:00 [INF] Successfully processed batch of 5 messages in 86.9831ms (57.48 msg/sec)
2026-08-31 07:32:06.851 +02:00 [INF] Processing batch of 5 messages (trigger: size)
2026-08-31 07:32:06.856 +02:00 [DBG] Committed offset: 260
2026-08-31 07:32:06.859 +02:00 [DBG] Resilience pipeline executing. Source: 'exception/(null)', Operation Key: 'null'
2026-08-31 07:32:06.865 +02:00 [DBG] Successfully produced message to topic: poc-fraud-dev, partition: 0, offset: 281, correlationId: "552c6c1e-744f-4f5f-a842-2bc10d0d5e4c"
2026-08-31 07:32:06.869 +02:00 [INF] Load simulation completed: 27 produced, 0 failed out of 27 requested.
2026-08-31 07:32:06.870 +02:00 [INF] Execution attempt. Source: 'exception/(null)/Retry', Operation Key: 'null', Result: 'void', Handled: 'false', Attempt: '0', Execution Time: 8.4884ms
2026-08-31 07:32:06.873 +02:00 [DBG] Resilience pipeline executed. Source: 'exception/(null)', Operation Key: 'null', Result: 'void', Execution Time: 14.0141ms
2026-08-31 07:32:06.875 +02:00 [INF] Processed transaction 3ca9ee03-48ee-4561-b861-54a9f5b1299f: flagged=false, score=0
2026-08-31 07:32:06.877 +02:00 [INF] Transaction data FraudEventRecord { Event = TransactionEvent { PublishedAt = 31/08/2026 05:32:06 AM, Version = 1.0, CorrelationId = 704d02ea-6967-4bf2-9cca-155636cef754, Id = 0, KafkaTopic = poc-fraud-dev, TransactionId = 3ca9ee03-48ee-4561-b861-54a9f5b1299f, CustomerId = CUST-0175, AccountId = ACC-00418, Amount = 4835.06, Currency = ZAR, MerchantName = Merchant-48, MerchantCategory = grocery, TransactionType = CNP, Channel = Online, CountryCode = ZA, TransactionTime = 31/08/2026 05:32:06 AM }, RuleResults = System.Collections.Generic.List`1[fraud_poc_project_buss.Models.Fraud.FraudRuleSetRecord], IsFlagged = False, FraudScore = 0, FlaggedReason =  }: 
2026-08-31 07:32:06.881 +02:00 [DBG] Resilience pipeline executing. Source: 'exception/(null)', Operation Key: 'null'
2026-08-31 07:32:06.889 +02:00 [INF] Execution attempt. Source: 'exception/(null)/Retry', Operation Key: 'null', Result: 'void', Handled: 'false', Attempt: '0', Execution Time: 6.7547ms
2026-08-31 07:32:06.892 +02:00 [DBG] Resilience pipeline executed. Source: 'exception/(null)', Operation Key: 'null', Result: 'void', Execution Time: 11.7476ms
2026-08-31 07:32:06.896 +02:00 [INF] Processed transaction e2aa9650-c219-4112-b640-7121c9dd628f: flagged=false, score=0
2026-08-31 07:32:06.898 +02:00 [INF] Transaction data FraudEventRecord { Event = TransactionEvent { PublishedAt = 31/08/2026 05:32:06 AM, Version = 1.0, CorrelationId = de419e27-a337-418d-a6b9-73cad7e6a4c7, Id = 0, KafkaTopic = poc-fraud-dev, TransactionId = e2aa9650-c219-4112-b640-7121c9dd628f, CustomerId = CUST-0135, AccountId = ACC-00111, Amount = 4267.24, Currency = ZAR, MerchantName = Merchant-53, MerchantCategory = grocery, TransactionType = ATM, Channel = ATM, CountryCode = ZA, TransactionTime = 31/08/2026 05:32:06 AM }, RuleResults = System.Collections.Generic.List`1[fraud_poc_project_buss.Models.Fraud.FraudRuleSetRecord], IsFlagged = False, FraudScore = 0, FlaggedReason =  }: 
2026-08-31 07:32:06.899 +02:00 [DBG] Resilience pipeline executing. Source: 'exception/(null)', Operation Key: 'null'
2026-08-31 07:32:06.907 +02:00 [INF] Execution attempt. Source: 'exception/(null)/Retry', Operation Key: 'null', Result: 'void', Handled: 'false', Attempt: '0', Execution Time: 6.5451ms
2026-08-31 07:32:06.912 +02:00 [DBG] Resilience pipeline executed. Source: 'exception/(null)', Operation Key: 'null', Result: 'void', Execution Time: 12.5835ms
2026-08-31 07:32:06.914 +02:00 [INF] Processed transaction e205250b-0eca-4658-b76a-4997329269ab: flagged=true, score=65
2026-08-31 07:32:06.915 +02:00 [INF] Transaction data FraudEventRecord { Event = TransactionEvent { PublishedAt = 31/08/2026 05:32:06 AM, Version = 1.0, CorrelationId = c42d2afc-5f02-43ce-a3b4-4dfcaf7fa515, Id = 0, KafkaTopic = poc-fraud-dev, TransactionId = e205250b-0eca-4658-b76a-4997329269ab, CustomerId = CUST-0124, AccountId = ACC-00446, Amount = 10000, Currency = ZAR, MerchantName = Merchant-42, MerchantCategory = gambling, TransactionType = ATM, Channel = ATM, CountryCode = GB, TransactionTime = 31/08/2026 05:32:06 AM }, RuleResults = System.Collections.Generic.List`1[fraud_poc_project_buss.Models.Fraud.FraudRuleSetRecord], IsFlagged = True, FraudScore = 65, FlaggedReason = ATM_WITHDRAWAL_LIMIT, HIGH_RISK_MERCHANT, ROUND_AMOUNT }: 
2026-08-31 07:32:06.917 +02:00 [DBG] Resilience pipeline executing. Source: 'exception/(null)', Operation Key: 'null'
2026-08-31 07:32:06.926 +02:00 [INF] Execution attempt. Source: 'exception/(null)/Retry', Operation Key: 'null', Result: 'void', Handled: 'false', Attempt: '0', Execution Time: 7.834ms
2026-08-31 07:32:06.929 +02:00 [DBG] Resilience pipeline executed. Source: 'exception/(null)', Operation Key: 'null', Result: 'void', Execution Time: 11.9923ms
2026-08-31 07:32:06.931 +02:00 [INF] Processed transaction 74cbdc5c-680c-4832-a521-399f3c5497ec: flagged=false, score=25
2026-08-31 07:32:06.933 +02:00 [INF] Transaction data FraudEventRecord { Event = TransactionEvent { PublishedAt = 31/08/2026 05:32:06 AM, Version = 1.0, CorrelationId = 61ab483d-30fc-49fa-b6f1-442baece9669, Id = 0, KafkaTopic = poc-fraud-dev, TransactionId = 74cbdc5c-680c-4832-a521-399f3c5497ec, CustomerId = CUST-0122, AccountId = ACC-00313, Amount = 1100.97, Currency = ZAR, MerchantName = Merchant-6, MerchantCategory = money_transfer, TransactionType = POS, Channel = ATM, CountryCode = ZA, TransactionTime = 31/08/2026 05:32:06 AM }, RuleResults = System.Collections.Generic.List`1[fraud_poc_project_buss.Models.Fraud.FraudRuleSetRecord], IsFlagged = False, FraudScore = 25, FlaggedReason =  }: 
2026-08-31 07:32:06.938 +02:00 [DBG] Resilience pipeline executing. Source: 'exception/(null)', Operation Key: 'null'
2026-08-31 07:32:06.956 +02:00 [INF] Execution attempt. Source: 'exception/(null)/Retry', Operation Key: 'null', Result: 'void', Handled: 'false', Attempt: '0', Execution Time: 10.8139ms
2026-08-31 07:32:06.961 +02:00 [DBG] Resilience pipeline executed. Source: 'exception/(null)', Operation Key: 'null', Result: 'void', Execution Time: 23.3745ms
2026-08-31 07:32:06.963 +02:00 [INF] Processed transaction 90820b0a-3074-41be-9a6b-82d260213934: flagged=false, score=0
2026-08-31 07:32:06.964 +02:00 [INF] Transaction data FraudEventRecord { Event = TransactionEvent { PublishedAt = 31/08/2026 05:32:06 AM, Version = 1.0, CorrelationId = 2f20fefd-ef41-4e64-af7b-0542637191fc, Id = 0, KafkaTopic = poc-fraud-dev, TransactionId = 90820b0a-3074-41be-9a6b-82d260213934, CustomerId = CUST-0177, AccountId = ACC-00088, Amount = 4072.53, Currency = ZAR, MerchantName = Merchant-41, MerchantCategory = retail, TransactionType = EFT, Channel = Mobile, CountryCode = ZA, TransactionTime = 31/08/2026 05:32:06 AM }, RuleResults = System.Collections.Generic.List`1[fraud_poc_project_buss.Models.Fraud.FraudRuleSetRecord], IsFlagged = False, FraudScore = 0, FlaggedReason =  }: 
2026-08-31 07:32:06.966 +02:00 [INF] Successfully processed batch of 5 messages in 108.046ms (46.28 msg/sec)
2026-08-31 07:32:06.967 +02:00 [INF] Processing batch of 5 messages (trigger: size)
2026-08-31 07:32:06.971 +02:00 [DBG] Committed offset: 265
2026-08-31 07:32:06.975 +02:00 [DBG] Resilience pipeline executing. Source: 'exception/(null)', Operation Key: 'null'
2026-08-31 07:32:06.983 +02:00 [INF] Execution attempt. Source: 'exception/(null)/Retry', Operation Key: 'null', Result: 'void', Handled: 'false', Attempt: '0', Execution Time: 6.8545ms
2026-08-31 07:32:06.988 +02:00 [DBG] Resilience pipeline executed. Source: 'exception/(null)', Operation Key: 'null', Result: 'void', Execution Time: 13.2579ms
2026-08-31 07:32:06.990 +02:00 [INF] Processed transaction 8ef1bf3e-3a91-4391-a42b-712016d8789f: flagged=false, score=0
2026-08-31 07:32:06.991 +02:00 [INF] Transaction data FraudEventRecord { Event = TransactionEvent { PublishedAt = 31/08/2026 05:32:06 AM, Version = 1.0, CorrelationId = 3c82e4c1-e30e-444d-b5a2-ff1a5330118f, Id = 0, KafkaTopic = poc-fraud-dev, TransactionId = 8ef1bf3e-3a91-4391-a42b-712016d8789f, CustomerId = CUST-0085, AccountId = ACC-00206, Amount = 1855.81, Currency = ZAR, MerchantName = Merchant-5, MerchantCategory = restaurant, TransactionType = ATM, Channel = Online, CountryCode = ZA, TransactionTime = 31/08/2026 05:32:06 AM }, RuleResults = System.Collections.Generic.List`1[fraud_poc_project_buss.Models.Fraud.FraudRuleSetRecord], IsFlagged = False, FraudScore = 0, FlaggedReason =  }: 
2026-08-31 07:32:06.993 +02:00 [DBG] Resilience pipeline executing. Source: 'exception/(null)', Operation Key: 'null'
2026-08-31 07:32:07.001 +02:00 [INF] Execution attempt. Source: 'exception/(null)/Retry', Operation Key: 'null', Result: 'void', Handled: 'false', Attempt: '0', Execution Time: 7.1396ms
2026-08-31 07:32:07.006 +02:00 [DBG] Resilience pipeline executed. Source: 'exception/(null)', Operation Key: 'null', Result: 'void', Execution Time: 12.8516ms
2026-08-31 07:32:07.007 +02:00 [INF] Processed transaction dc454b88-ed6d-48dd-841d-98100126ba07: flagged=false, score=0
2026-08-31 07:32:07.009 +02:00 [INF] Transaction data FraudEventRecord { Event = TransactionEvent { PublishedAt = 31/08/2026 05:32:06 AM, Version = 1.0, CorrelationId = f4249352-60ea-4efc-ab4e-b70a340b447d, Id = 0, KafkaTopic = poc-fraud-dev, TransactionId = dc454b88-ed6d-48dd-841d-98100126ba07, CustomerId = CUST-0137, AccountId = ACC-00138, Amount = 2771.73, Currency = ZAR, MerchantName = Merchant-52, MerchantCategory = retail, TransactionType = POS, Channel = ATM, CountryCode = DE, TransactionTime = 31/08/2026 05:32:06 AM }, RuleResults = System.Collections.Generic.List`1[fraud_poc_project_buss.Models.Fraud.FraudRuleSetRecord], IsFlagged = False, FraudScore = 0, FlaggedReason =  }: 
2026-08-31 07:32:07.010 +02:00 [DBG] Resilience pipeline executing. Source: 'exception/(null)', Operation Key: 'null'
2026-08-31 07:32:07.021 +02:00 [INF] Execution attempt. Source: 'exception/(null)/Retry', Operation Key: 'null', Result: 'void', Handled: 'false', Attempt: '0', Execution Time: 8.4229ms
2026-08-31 07:32:07.024 +02:00 [DBG] Resilience pipeline executed. Source: 'exception/(null)', Operation Key: 'null', Result: 'void', Execution Time: 13.6961ms
2026-08-31 07:32:07.027 +02:00 [INF] Processed transaction b9e8f650-c95c-4b6f-91ad-56af32b97e6b: flagged=false, score=0
2026-08-31 07:32:07.028 +02:00 [INF] Transaction data FraudEventRecord { Event = TransactionEvent { PublishedAt = 31/08/2026 05:32:06 AM, Version = 1.0, CorrelationId = 4b73d95d-e049-4d7e-98c2-5fe37a50a787, Id = 0, KafkaTopic = poc-fraud-dev, TransactionId = b9e8f650-c95c-4b6f-91ad-56af32b97e6b, CustomerId = CUST-0116, AccountId = ACC-00256, Amount = 1238.21, Currency = ZAR, MerchantName = Merchant-29, MerchantCategory = fuel, TransactionType = CNP, Channel = Mobile, CountryCode = ZA, TransactionTime = 31/08/2026 05:32:06 AM }, RuleResults = System.Collections.Generic.List`1[fraud_poc_project_buss.Models.Fraud.FraudRuleSetRecord], IsFlagged = False, FraudScore = 0, FlaggedReason =  }: 
2026-08-31 07:32:07.030 +02:00 [DBG] Resilience pipeline executing. Source: 'exception/(null)', Operation Key: 'null'
2026-08-31 07:32:07.037 +02:00 [INF] Execution attempt. Source: 'exception/(null)/Retry', Operation Key: 'null', Result: 'void', Handled: 'false', Attempt: '0', Execution Time: 6.1443ms
2026-08-31 07:32:07.041 +02:00 [DBG] Resilience pipeline executed. Source: 'exception/(null)', Operation Key: 'null', Result: 'void', Execution Time: 10.9596ms
2026-08-31 07:32:07.043 +02:00 [INF] Processed transaction c5ec9f14-6000-4145-939c-c188723030c6: flagged=false, score=0
2026-08-31 07:32:07.044 +02:00 [INF] Transaction data FraudEventRecord { Event = TransactionEvent { PublishedAt = 31/08/2026 05:32:06 AM, Version = 1.0, CorrelationId = f5d5d223-aff3-41b3-a8a1-35a411ad611e, Id = 0, KafkaTopic = poc-fraud-dev, TransactionId = c5ec9f14-6000-4145-939c-c188723030c6, CustomerId = CUST-0034, AccountId = ACC-00116, Amount = 4764.00, Currency = ZAR, MerchantName = Merchant-62, MerchantCategory = fuel, TransactionType = CNP, Channel = Mobile, CountryCode = ZA, TransactionTime = 31/08/2026 05:32:06 AM }, RuleResults = System.Collections.Generic.List`1[fraud_poc_project_buss.Models.Fraud.FraudRuleSetRecord], IsFlagged = False, FraudScore = 0, FlaggedReason =  }: 
2026-08-31 07:32:07.046 +02:00 [DBG] Resilience pipeline executing. Source: 'exception/(null)', Operation Key: 'null'
2026-08-31 07:32:07.056 +02:00 [INF] Execution attempt. Source: 'exception/(null)/Retry', Operation Key: 'null', Result: 'void', Handled: 'false', Attempt: '0', Execution Time: 7.242ms
2026-08-31 07:32:07.059 +02:00 [DBG] Resilience pipeline executed. Source: 'exception/(null)', Operation Key: 'null', Result: 'void', Execution Time: 13.2879ms
2026-08-31 07:32:07.061 +02:00 [INF] Processed transaction dda4edb0-f2b9-4cf5-b275-13d8cff4bc4a: flagged=false, score=25
2026-08-31 07:32:07.065 +02:00 [INF] Transaction data FraudEventRecord { Event = TransactionEvent { PublishedAt = 31/08/2026 05:32:06 AM, Version = 1.0, CorrelationId = 325721f9-24ae-44c9-b5e3-aff165d0ce20, Id = 0, KafkaTopic = poc-fraud-dev, TransactionId = dda4edb0-f2b9-4cf5-b275-13d8cff4bc4a, CustomerId = CUST-0140, AccountId = ACC-00411, Amount = 1260.31, Currency = ZAR, MerchantName = Merchant-21, MerchantCategory = money_transfer, TransactionType = ATM, Channel = ATM, CountryCode = ZA, TransactionTime = 31/08/2026 05:32:06 AM }, RuleResults = System.Collections.Generic.List`1[fraud_poc_project_buss.Models.Fraud.FraudRuleSetRecord], IsFlagged = False, FraudScore = 25, FlaggedReason =  }: 
2026-08-31 07:32:07.068 +02:00 [INF] Successfully processed batch of 5 messages in 93.8125ms (53.3 msg/sec)
2026-08-31 07:32:07.070 +02:00 [INF] Processing batch of 5 messages (trigger: size)
2026-08-31 07:32:07.074 +02:00 [DBG] Committed offset: 270
2026-08-31 07:32:07.075 +02:00 [DBG] Resilience pipeline executing. Source: 'exception/(null)', Operation Key: 'null'
2026-08-31 07:32:07.086 +02:00 [INF] Execution attempt. Source: 'exception/(null)/Retry', Operation Key: 'null', Result: 'void', Handled: 'false', Attempt: '0', Execution Time: 8.6545ms
2026-08-31 07:32:07.089 +02:00 [DBG] Resilience pipeline executed. Source: 'exception/(null)', Operation Key: 'null', Result: 'void', Execution Time: 13.2988ms
2026-08-31 07:32:07.091 +02:00 [INF] Processed transaction cdc791c2-3d17-48a8-a7a9-7f8388521c3e: flagged=false, score=0
2026-08-31 07:32:07.092 +02:00 [INF] Transaction data FraudEventRecord { Event = TransactionEvent { PublishedAt = 31/08/2026 05:32:06 AM, Version = 1.0, CorrelationId = 2c83c897-87b6-4d83-bf1c-c042dbf518f3, Id = 0, KafkaTopic = poc-fraud-dev, TransactionId = cdc791c2-3d17-48a8-a7a9-7f8388521c3e, CustomerId = CUST-0008, AccountId = ACC-00178, Amount = 740.88, Currency = ZAR, MerchantName = Merchant-44, MerchantCategory = fuel, TransactionType = POS, Channel = Online, CountryCode = ZA, TransactionTime = 31/08/2026 05:32:06 AM }, RuleResults = System.Collections.Generic.List`1[fraud_poc_project_buss.Models.Fraud.FraudRuleSetRecord], IsFlagged = False, FraudScore = 0, FlaggedReason =  }: 
2026-08-31 07:32:07.096 +02:00 [DBG] Resilience pipeline executing. Source: 'exception/(null)', Operation Key: 'null'
2026-08-31 07:32:07.104 +02:00 [INF] Execution attempt. Source: 'exception/(null)/Retry', Operation Key: 'null', Result: 'void', Handled: 'false', Attempt: '0', Execution Time: 5.8102ms
2026-08-31 07:32:07.107 +02:00 [DBG] Resilience pipeline executed. Source: 'exception/(null)', Operation Key: 'null', Result: 'void', Execution Time: 10.9621ms
2026-08-31 07:32:07.111 +02:00 [INF] Processed transaction 87f4b6cf-1d05-4d4a-9223-011624abe488: flagged=false, score=25
2026-08-31 07:32:07.113 +02:00 [INF] Transaction data FraudEventRecord { Event = TransactionEvent { PublishedAt = 31/08/2026 05:32:06 AM, Version = 1.0, CorrelationId = 7ea78aec-11f5-4ddc-b009-950141a54f7d, Id = 0, KafkaTopic = poc-fraud-dev, TransactionId = 87f4b6cf-1d05-4d4a-9223-011624abe488, CustomerId = CUST-0149, AccountId = ACC-00468, Amount = 4188.23, Currency = ZAR, MerchantName = Merchant-19, MerchantCategory = gambling, TransactionType = POS, Channel = Branch, CountryCode = ZA, TransactionTime = 31/08/2026 05:32:06 AM }, RuleResults = System.Collections.Generic.List`1[fraud_poc_project_buss.Models.Fraud.FraudRuleSetRecord], IsFlagged = False, FraudScore = 25, FlaggedReason =  }: 
2026-08-31 07:32:07.115 +02:00 [DBG] Resilience pipeline executing. Source: 'exception/(null)', Operation Key: 'null'
2026-08-31 07:32:07.128 +02:00 [INF] Execution attempt. Source: 'exception/(null)/Retry', Operation Key: 'null', Result: 'void', Handled: 'false', Attempt: '0', Execution Time: 10.8132ms
2026-08-31 07:32:07.130 +02:00 [DBG] Resilience pipeline executed. Source: 'exception/(null)', Operation Key: 'null', Result: 'void', Execution Time: 15.5158ms
2026-08-31 07:32:07.133 +02:00 [INF] Processed transaction 52d6f75e-8cd0-4d1f-bc41-83d581edc41e: flagged=false, score=25
2026-08-31 07:32:07.135 +02:00 [INF] Transaction data FraudEventRecord { Event = TransactionEvent { PublishedAt = 31/08/2026 05:32:06 AM, Version = 1.0, CorrelationId = 8d3fcc35-8d6f-41af-b78e-3e02c0d1c615, Id = 0, KafkaTopic = poc-fraud-dev, TransactionId = 52d6f75e-8cd0-4d1f-bc41-83d581edc41e, CustomerId = CUST-0109, AccountId = ACC-00384, Amount = 1899.61, Currency = ZAR, MerchantName = Merchant-23, MerchantCategory = crypto, TransactionType = EFT, Channel = Mobile, CountryCode = ZA, TransactionTime = 31/08/2026 05:32:06 AM }, RuleResults = System.Collections.Generic.List`1[fraud_poc_project_buss.Models.Fraud.FraudRuleSetRecord], IsFlagged = False, FraudScore = 25, FlaggedReason =  }: 
2026-08-31 07:32:07.137 +02:00 [DBG] Resilience pipeline executing. Source: 'exception/(null)', Operation Key: 'null'
2026-08-31 07:32:07.147 +02:00 [INF] Execution attempt. Source: 'exception/(null)/Retry', Operation Key: 'null', Result: 'void', Handled: 'false', Attempt: '0', Execution Time: 8.1353ms
2026-08-31 07:32:07.151 +02:00 [DBG] Resilience pipeline executed. Source: 'exception/(null)', Operation Key: 'null', Result: 'void', Execution Time: 13.5593ms
2026-08-31 07:32:07.153 +02:00 [INF] Processed transaction ad0bc012-93b8-4b4c-af82-19c3269e7672: flagged=false, score=25
2026-08-31 07:32:07.155 +02:00 [INF] Transaction data FraudEventRecord { Event = TransactionEvent { PublishedAt = 31/08/2026 05:32:06 AM, Version = 1.0, CorrelationId = 59ba4068-0d76-479d-a672-a95af07e519d, Id = 0, KafkaTopic = poc-fraud-dev, TransactionId = ad0bc012-93b8-4b4c-af82-19c3269e7672, CustomerId = CUST-0011, AccountId = ACC-00020, Amount = 2683.58, Currency = ZAR, MerchantName = Merchant-80, MerchantCategory = gambling, TransactionType = POS, Channel = ATM, CountryCode = ZA, TransactionTime = 31/08/2026 05:32:06 AM }, RuleResults = System.Collections.Generic.List`1[fraud_poc_project_buss.Models.Fraud.FraudRuleSetRecord], IsFlagged = False, FraudScore = 25, FlaggedReason =  }: 
2026-08-31 07:32:07.162 +02:00 [DBG] Resilience pipeline executing. Source: 'exception/(null)', Operation Key: 'null'
2026-08-31 07:32:07.173 +02:00 [INF] Execution attempt. Source: 'exception/(null)/Retry', Operation Key: 'null', Result: 'void', Handled: 'false', Attempt: '0', Execution Time: 7.9164ms
2026-08-31 07:32:07.178 +02:00 [DBG] Resilience pipeline executed. Source: 'exception/(null)', Operation Key: 'null', Result: 'void', Execution Time: 16.1604ms
2026-08-31 07:32:07.180 +02:00 [INF] Processed transaction 232cf0bf-1cfc-4120-bff1-413173b93332: flagged=true, score=100
2026-08-31 07:32:07.181 +02:00 [INF] Transaction data FraudEventRecord { Event = TransactionEvent { PublishedAt = 31/08/2026 05:32:06 AM, Version = 1.0, CorrelationId = 3bc928e3-19c5-4c76-be20-029556f1eec1, Id = 0, KafkaTopic = poc-fraud-dev, TransactionId = 232cf0bf-1cfc-4120-bff1-413173b93332, CustomerId = CUST-0093, AccountId = ACC-00202, Amount = 60000, Currency = ZAR, MerchantName = Merchant-92, MerchantCategory = money_transfer, TransactionType = CNP, Channel = Online, CountryCode = US, TransactionTime = 31/08/2026 05:32:06 AM }, RuleResults = System.Collections.Generic.List`1[fraud_poc_project_buss.Models.Fraud.FraudRuleSetRecord], IsFlagged = True, FraudScore = 100, FlaggedReason = HIGH_AMOUNT, FOREIGN_CNP, HIGH_RISK_MERCHANT, ROUND_AMOUNT }: 
2026-08-31 07:32:07.182 +02:00 [INF] Successfully processed batch of 5 messages in 107.2537ms (46.62 msg/sec)
2026-08-31 07:32:07.184 +02:00 [INF] Processing batch of 5 messages (trigger: size)
2026-08-31 07:32:07.192 +02:00 [DBG] Committed offset: 275
2026-08-31 07:32:07.194 +02:00 [DBG] Resilience pipeline executing. Source: 'exception/(null)', Operation Key: 'null'
2026-08-31 07:32:07.204 +02:00 [INF] Execution attempt. Source: 'exception/(null)/Retry', Operation Key: 'null', Result: 'void', Handled: 'false', Attempt: '0', Execution Time: 8.4549ms
2026-08-31 07:32:07.208 +02:00 [DBG] Resilience pipeline executed. Source: 'exception/(null)', Operation Key: 'null', Result: 'void', Execution Time: 13.7492ms
2026-08-31 07:32:07.209 +02:00 [INF] Processed transaction e3bab54f-d220-4cc3-85b3-d2da02a8181b: flagged=false, score=0
2026-08-31 07:32:07.212 +02:00 [INF] Transaction data FraudEventRecord { Event = TransactionEvent { PublishedAt = 31/08/2026 05:32:06 AM, Version = 1.0, CorrelationId = 72c8c50c-b15b-4d0b-a460-4146420a115d, Id = 0, KafkaTopic = poc-fraud-dev, TransactionId = e3bab54f-d220-4cc3-85b3-d2da02a8181b, CustomerId = CUST-0142, AccountId = ACC-00302, Amount = 4082.94, Currency = ZAR, MerchantName = Merchant-94, MerchantCategory = grocery, TransactionType = ATM, Channel = Online, CountryCode = ZA, TransactionTime = 31/08/2026 05:32:06 AM }, RuleResults = System.Collections.Generic.List`1[fraud_poc_project_buss.Models.Fraud.FraudRuleSetRecord], IsFlagged = False, FraudScore = 0, FlaggedReason =  }: 
2026-08-31 07:32:07.214 +02:00 [DBG] Resilience pipeline executing. Source: 'exception/(null)', Operation Key: 'null'
2026-08-31 07:32:07.223 +02:00 [INF] Execution attempt. Source: 'exception/(null)/Retry', Operation Key: 'null', Result: 'void', Handled: 'false', Attempt: '0', Execution Time: 7.9604ms
2026-08-31 07:32:07.227 +02:00 [DBG] Resilience pipeline executed. Source: 'exception/(null)', Operation Key: 'null', Result: 'void', Execution Time: 12.9575ms
2026-08-31 07:32:07.229 +02:00 [INF] Processed transaction ec124ddf-035b-43ac-8f0c-7c8c6b5a6b12: flagged=false, score=0
2026-08-31 07:32:07.230 +02:00 [INF] Transaction data FraudEventRecord { Event = TransactionEvent { PublishedAt = 31/08/2026 05:32:06 AM, Version = 1.0, CorrelationId = 11999e2e-11b2-43c3-a6b3-64c31d99495f, Id = 0, KafkaTopic = poc-fraud-dev, TransactionId = ec124ddf-035b-43ac-8f0c-7c8c6b5a6b12, CustomerId = CUST-0064, AccountId = ACC-00496, Amount = 3089.38, Currency = ZAR, MerchantName = Merchant-14, MerchantCategory = fuel, TransactionType = ATM, Channel = ATM, CountryCode = ZA, TransactionTime = 31/08/2026 05:32:06 AM }, RuleResults = System.Collections.Generic.List`1[fraud_poc_project_buss.Models.Fraud.FraudRuleSetRecord], IsFlagged = False, FraudScore = 0, FlaggedReason =  }: 
2026-08-31 07:32:07.232 +02:00 [DBG] Resilience pipeline executing. Source: 'exception/(null)', Operation Key: 'null'
2026-08-31 07:32:07.244 +02:00 [INF] Execution attempt. Source: 'exception/(null)/Retry', Operation Key: 'null', Result: 'void', Handled: 'false', Attempt: '0', Execution Time: 10.2072ms
2026-08-31 07:32:07.247 +02:00 [DBG] Resilience pipeline executed. Source: 'exception/(null)', Operation Key: 'null', Result: 'void', Execution Time: 14.9515ms
2026-08-31 07:32:07.252 +02:00 [INF] Processed transaction 5e15a35e-546e-476b-b5d2-80216cae43be: flagged=false, score=0
2026-08-31 07:32:07.254 +02:00 [INF] Transaction data FraudEventRecord { Event = TransactionEvent { PublishedAt = 31/08/2026 05:32:06 AM, Version = 1.0, CorrelationId = 3fd3e824-a58a-437d-a9d9-ea960b3e08e7, Id = 0, KafkaTopic = poc-fraud-dev, TransactionId = 5e15a35e-546e-476b-b5d2-80216cae43be, CustomerId = CUST-0002, AccountId = ACC-00117, Amount = 3445.56, Currency = ZAR, MerchantName = Merchant-88, MerchantCategory = retail, TransactionType = CNP, Channel = Branch, CountryCode = ZA, TransactionTime = 31/08/2026 05:32:06 AM }, RuleResults = System.Collections.Generic.List`1[fraud_poc_project_buss.Models.Fraud.FraudRuleSetRecord], IsFlagged = False, FraudScore = 0, FlaggedReason =  }: 
2026-08-31 07:32:07.256 +02:00 [DBG] Resilience pipeline executing. Source: 'exception/(null)', Operation Key: 'null'
2026-08-31 07:32:07.266 +02:00 [INF] Execution attempt. Source: 'exception/(null)/Retry', Operation Key: 'null', Result: 'void', Handled: 'false', Attempt: '0', Execution Time: 7.8066ms
2026-08-31 07:32:07.270 +02:00 [DBG] Resilience pipeline executed. Source: 'exception/(null)', Operation Key: 'null', Result: 'void', Execution Time: 13.3671ms
2026-08-31 07:32:07.272 +02:00 [INF] Processed transaction 5bc01481-e302-4114-b556-ed309feb001e: flagged=false, score=0
2026-08-31 07:32:07.273 +02:00 [INF] Transaction data FraudEventRecord { Event = TransactionEvent { PublishedAt = 31/08/2026 05:32:06 AM, Version = 1.0, CorrelationId = 26425827-c47d-4ed7-bce5-e0ff4ce38d3f, Id = 0, KafkaTopic = poc-fraud-dev, TransactionId = 5bc01481-e302-4114-b556-ed309feb001e, CustomerId = CUST-0129, AccountId = ACC-00037, Amount = 1357.22, Currency = ZAR, MerchantName = Merchant-86, MerchantCategory = fuel, TransactionType = POS, Channel = Mobile, CountryCode = NG, TransactionTime = 31/08/2026 05:32:06 AM }, RuleResults = System.Collections.Generic.List`1[fraud_poc_project_buss.Models.Fraud.FraudRuleSetRecord], IsFlagged = False, FraudScore = 0, FlaggedReason =  }: 
2026-08-31 07:32:07.275 +02:00 [DBG] Resilience pipeline executing. Source: 'exception/(null)', Operation Key: 'null'
2026-08-31 07:32:07.285 +02:00 [INF] Execution attempt. Source: 'exception/(null)/Retry', Operation Key: 'null', Result: 'void', Handled: 'false', Attempt: '0', Execution Time: 8.8352ms
2026-08-31 07:32:07.288 +02:00 [DBG] Resilience pipeline executed. Source: 'exception/(null)', Operation Key: 'null', Result: 'void', Execution Time: 13.2528ms
2026-08-31 07:32:07.290 +02:00 [INF] Processed transaction 0ca562bb-138a-4b58-84a9-534ba4a5998f: flagged=false, score=25
2026-08-31 07:32:07.291 +02:00 [INF] Transaction data FraudEventRecord { Event = TransactionEvent { PublishedAt = 31/08/2026 05:32:06 AM, Version = 1.0, CorrelationId = 4108c14c-e4bb-4727-a60e-75b650d3e817, Id = 0, KafkaTopic = poc-fraud-dev, TransactionId = 0ca562bb-138a-4b58-84a9-534ba4a5998f, CustomerId = CUST-0185, AccountId = ACC-00058, Amount = 4270.38, Currency = ZAR, MerchantName = Merchant-90, MerchantCategory = crypto, TransactionType = POS, Channel = ATM, CountryCode = ZA, TransactionTime = 31/08/2026 05:32:06 AM }, RuleResults = System.Collections.Generic.List`1[fraud_poc_project_buss.Models.Fraud.FraudRuleSetRecord], IsFlagged = False, FraudScore = 25, FlaggedReason =  }: 
2026-08-31 07:32:07.293 +02:00 [INF] Successfully processed batch of 5 messages in 99.741ms (50.13 msg/sec)
2026-08-31 07:32:07.295 +02:00 [INF] Processing batch of 5 messages (trigger: size)
2026-08-31 07:32:07.306 +02:00 [DBG] Committed offset: 280
2026-08-31 07:33:15.754 +02:00 [INF] CreateDatabaseOnStartup is enabled - initializing database...
2026-08-31 07:33:16.162 +02:00 [INF] Connected to PostgreSQL successfully.
2026-08-31 07:33:16.166 +02:00 [INF] Executing script: V1_0_1__pre_user.sql
2026-08-31 07:33:16.191 +02:00 [INF] Script executed successfully: V1_0_1__pre_user.sql
2026-08-31 07:33:16.193 +02:00 [INF] Executing script: V1_0_2__pre_schema.sql
2026-08-31 07:33:16.202 +02:00 [INF] Script executed successfully: V1_0_2__pre_schema.sql
2026-08-31 07:33:16.204 +02:00 [INF] Executing script: V1_0_3__sequence.sql
2026-08-31 07:33:16.207 +02:00 [INF] Script executed successfully: V1_0_3__sequence.sql
2026-08-31 07:33:16.208 +02:00 [INF] Executing script: V1_0_4__functions.sql
2026-08-31 07:33:16.214 +02:00 [INF] Script executed successfully: V1_0_4__functions.sql
2026-08-31 07:33:16.216 +02:00 [INF] Executing script: V1_0_5__stored_procs.sql
2026-08-31 07:33:16.221 +02:00 [INF] Script executed successfully: V1_0_5__stored_procs.sql
2026-08-31 07:33:16.222 +02:00 [INF] Executing script: V1_0_6__tables.sql
2026-08-31 07:33:16.226 +02:00 [INF] Script executed successfully: V1_0_6__tables.sql
2026-08-31 07:33:16.231 +02:00 [INF] Database initialization completed.
2026-08-31 07:33:16.714 +02:00 [INF] Starting Kafka consumer for topic: poc-fraud-dev with batch processing
2026-08-31 07:33:16.824 +02:00 [INF] Now listening on: http://localhost:5237
2026-08-31 07:33:16.887 +02:00 [INF] Application started. Press Ctrl+C to shut down.
2026-08-31 07:33:16.894 +02:00 [INF] Hosting environment: LOC
2026-08-31 07:33:16.896 +02:00 [INF] Content root path: C:\Development\Therron\training\src\fraud_poc_project_ui
2026-08-31 07:33:20.844 +02:00 [INF] Partitions assigned: poc-fraud-dev [[0]]
2026-08-31 07:34:37.615 +02:00 [INF] Starting Kafka consumer for topic: poc-fraud-dev with batch processing
2026-08-31 07:34:37.769 +02:00 [INF] Now listening on: http://localhost:5237
2026-08-31 07:34:37.851 +02:00 [INF] Application started. Press Ctrl+C to shut down.
2026-08-31 07:34:37.854 +02:00 [INF] Hosting environment: LOC
2026-08-31 07:34:37.856 +02:00 [INF] Content root path: C:\Development\Therron\training\src\fraud_poc_project_ui
2026-08-31 07:34:41.714 +02:00 [INF] Partitions assigned: poc-fraud-dev [[0]]
2026-08-31 07:34:53.172 +02:00 [INF] FraudKafkaProducer initialized for application: fraud_poc
2026-08-31 07:34:54.214 +02:00 [DBG] Successfully produced message to topic: poc-fraud-dev, partition: 0, offset: 282, correlationId: "8e168a3b-47fb-4398-a803-ceb1551c7e15"
2026-08-31 07:34:54.250 +02:00 [DBG] Successfully produced message to topic: poc-fraud-dev, partition: 0, offset: 283, correlationId: "dfe36e4e-ef2d-4e17-85e6-e7021e50ce06"
2026-08-31 07:34:54.283 +02:00 [DBG] Successfully produced message to topic: poc-fraud-dev, partition: 0, offset: 284, correlationId: "edfffad0-992b-4324-98e5-b4d94e66c2ed"
2026-08-31 07:34:54.324 +02:00 [DBG] Successfully produced message to topic: poc-fraud-dev, partition: 0, offset: 285, correlationId: "c1ae3353-d1aa-4e9b-b7ba-3680f4dfa685"
2026-08-31 07:34:54.345 +02:00 [DBG] Successfully produced message to topic: poc-fraud-dev, partition: 0, offset: 286, correlationId: "b89921d4-cdde-4ada-a951-97a6f1d2c2f9"
2026-08-31 07:34:54.372 +02:00 [DBG] Successfully produced message to topic: poc-fraud-dev, partition: 0, offset: 287, correlationId: "ecfe7042-54e6-4cf8-8c5d-20c8e3034867"
2026-08-31 07:34:54.403 +02:00 [DBG] Successfully produced message to topic: poc-fraud-dev, partition: 0, offset: 288, correlationId: "9e739e20-452c-4474-8e5a-d3e2f96332a2"
2026-08-31 07:34:54.436 +02:00 [DBG] Successfully produced message to topic: poc-fraud-dev, partition: 0, offset: 289, correlationId: "975811d6-f9ed-4d47-9108-56d4bcf1b03a"
2026-08-31 07:34:54.464 +02:00 [DBG] Successfully produced message to topic: poc-fraud-dev, partition: 0, offset: 290, correlationId: "9946ce87-de2b-4489-babc-9a5a6a261db4"
2026-08-31 07:34:54.495 +02:00 [DBG] Successfully produced message to topic: poc-fraud-dev, partition: 0, offset: 291, correlationId: "93a7e8a7-a680-413e-8e6b-faded6087ef8"
2026-08-31 07:34:54.526 +02:00 [DBG] Successfully produced message to topic: poc-fraud-dev, partition: 0, offset: 292, correlationId: "dc928134-69ab-4657-9f13-e74b8af4a9c7"
2026-08-31 07:34:54.531 +02:00 [INF] Load simulation completed: 11 produced, 0 failed out of 11 requested.
2026-08-31 07:34:54.639 +02:00 [DBG] Resilience pipeline executing. Source: 'exception/(null)', Operation Key: 'null'
2026-08-31 07:34:54.994 +02:00 [INF] Execution attempt. Source: 'exception/(null)/Retry', Operation Key: 'null', Result: 'void', Handled: 'false', Attempt: '0', Execution Time: 340.014ms
2026-08-31 07:34:55.006 +02:00 [DBG] Resilience pipeline executed. Source: 'exception/(null)', Operation Key: 'null', Result: 'void', Execution Time: 371.2387ms
2026-08-31 07:34:55.013 +02:00 [INF] Processed transaction 84a192ca-6b97-4b17-aa3b-e89a61412f6c: flagged=false, score=0
2026-08-31 07:34:55.022 +02:00 [INF] Transaction data FraudEventRecord { Event = TransactionEvent { PublishedAt = 31/08/2026 05:32:06 AM, Version = 1.0, CorrelationId = 552c6c1e-744f-4f5f-a842-2bc10d0d5e4c, Id = 0, KafkaTopic = poc-fraud-dev, TransactionId = 84a192ca-6b97-4b17-aa3b-e89a61412f6c, CustomerId = CUST-0056, AccountId = ACC-00070, Amount = 3099.74, Currency = ZAR, MerchantName = Merchant-67, MerchantCategory = grocery, TransactionType = CNP, Channel = Mobile, CountryCode = ZA, TransactionTime = 31/08/2026 05:32:06 AM }, RuleResults = System.Collections.Generic.List`1[fraud_poc_project_buss.Models.Fraud.FraudRuleSetRecord], IsFlagged = False, FraudScore = 0, FlaggedReason =  }: 
2026-08-31 07:34:55.026 +02:00 [DBG] Resilience pipeline executing. Source: 'exception/(null)', Operation Key: 'null'
2026-08-31 07:34:55.046 +02:00 [INF] Execution attempt. Source: 'exception/(null)/Retry', Operation Key: 'null', Result: 'void', Handled: 'false', Attempt: '0', Execution Time: 18.015ms
2026-08-31 07:34:55.054 +02:00 [DBG] Resilience pipeline executed. Source: 'exception/(null)', Operation Key: 'null', Result: 'void', Execution Time: 27.5359ms
2026-08-31 07:34:55.058 +02:00 [INF] Processed transaction 2d7747e9-6f79-49c7-898b-4ecc40ce2b83: flagged=true, score=65
2026-08-31 07:34:55.067 +02:00 [INF] Transaction data FraudEventRecord { Event = TransactionEvent { PublishedAt = 31/08/2026 05:34:53 AM, Version = 1.0, CorrelationId = 8e168a3b-47fb-4398-a803-ceb1551c7e15, Id = 0, KafkaTopic = poc-fraud-dev, TransactionId = 2d7747e9-6f79-49c7-898b-4ecc40ce2b83, CustomerId = CUST-0009, AccountId = ACC-00270, Amount = 15000, Currency = ZAR, MerchantName = Merchant-94, MerchantCategory = gambling, TransactionType = ATM, Channel = ATM, CountryCode = US, TransactionTime = 31/08/2026 05:34:53 AM }, RuleResults = System.Collections.Generic.List`1[fraud_poc_project_buss.Models.Fraud.FraudRuleSetRecord], IsFlagged = True, FraudScore = 65, FlaggedReason = ATM_WITHDRAWAL_LIMIT, HIGH_RISK_MERCHANT, ROUND_AMOUNT }: 
2026-08-31 07:34:55.072 +02:00 [INF] Successfully processed batch of 2 messages in 773.6873ms (2.59 msg/sec)
2026-08-31 07:34:55.081 +02:00 [INF] Processing batch of 2 messages (trigger: timeout)
2026-08-31 07:34:55.094 +02:00 [DBG] Committed offset: 282
2026-08-31 07:34:55.098 +02:00 [DBG] Resilience pipeline executing. Source: 'exception/(null)', Operation Key: 'null'
2026-08-31 07:34:55.110 +02:00 [INF] Execution attempt. Source: 'exception/(null)/Retry', Operation Key: 'null', Result: 'void', Handled: 'false', Attempt: '0', Execution Time: 10.7226ms
2026-08-31 07:34:55.114 +02:00 [DBG] Resilience pipeline executed. Source: 'exception/(null)', Operation Key: 'null', Result: 'void', Execution Time: 16.8241ms
2026-08-31 07:34:55.118 +02:00 [INF] Processed transaction 92399532-76a8-4d2f-9508-f95cc960cf49: flagged=true, score=60
2026-08-31 07:34:55.120 +02:00 [INF] Transaction data FraudEventRecord { Event = TransactionEvent { PublishedAt = 31/08/2026 05:34:54 AM, Version = 1.0, CorrelationId = dfe36e4e-ef2d-4e17-85e6-e7021e50ce06, Id = 0, KafkaTopic = poc-fraud-dev, TransactionId = 92399532-76a8-4d2f-9508-f95cc960cf49, CustomerId = CUST-0134, AccountId = ACC-00475, Amount = 3618.68, Currency = ZAR, MerchantName = Merchant-87, MerchantCategory = gambling, TransactionType = CNP, Channel = Mobile, CountryCode = CN, TransactionTime = 31/08/2026 05:34:54 AM }, RuleResults = System.Collections.Generic.List`1[fraud_poc_project_buss.Models.Fraud.FraudRuleSetRecord], IsFlagged = True, FraudScore = 60, FlaggedReason = FOREIGN_CNP, HIGH_RISK_MERCHANT }: 
2026-08-31 07:34:55.121 +02:00 [DBG] Resilience pipeline executing. Source: 'exception/(null)', Operation Key: 'null'
2026-08-31 07:34:55.136 +02:00 [INF] Execution attempt. Source: 'exception/(null)/Retry', Operation Key: 'null', Result: 'void', Handled: 'false', Attempt: '0', Execution Time: 10.289ms
2026-08-31 07:34:55.143 +02:00 [DBG] Resilience pipeline executed. Source: 'exception/(null)', Operation Key: 'null', Result: 'void', Execution Time: 21.9875ms
2026-08-31 07:34:55.146 +02:00 [INF] Processed transaction cf46f923-ecc9-4a36-b872-7a445decdb28: flagged=true, score=100
2026-08-31 07:34:55.148 +02:00 [INF] Transaction data FraudEventRecord { Event = TransactionEvent { PublishedAt = 31/08/2026 05:34:54 AM, Version = 1.0, CorrelationId = edfffad0-992b-4324-98e5-b4d94e66c2ed, Id = 0, KafkaTopic = poc-fraud-dev, TransactionId = cf46f923-ecc9-4a36-b872-7a445decdb28, CustomerId = CUST-0035, AccountId = ACC-00469, Amount = 100000, Currency = ZAR, MerchantName = Merchant-19, MerchantCategory = crypto, TransactionType = CNP, Channel = Online, CountryCode = US, TransactionTime = 31/08/2026 05:34:54 AM }, RuleResults = System.Collections.Generic.List`1[fraud_poc_project_buss.Models.Fraud.FraudRuleSetRecord], IsFlagged = True, FraudScore = 100, FlaggedReason = HIGH_AMOUNT, FOREIGN_CNP, HIGH_RISK_MERCHANT, ROUND_AMOUNT }: 
2026-08-31 07:34:55.150 +02:00 [DBG] Resilience pipeline executing. Source: 'exception/(null)', Operation Key: 'null'
2026-08-31 07:34:55.161 +02:00 [INF] Execution attempt. Source: 'exception/(null)/Retry', Operation Key: 'null', Result: 'void', Handled: 'false', Attempt: '0', Execution Time: 9.4002ms
2026-08-31 07:34:55.165 +02:00 [DBG] Resilience pipeline executed. Source: 'exception/(null)', Operation Key: 'null', Result: 'void', Execution Time: 15.1457ms
2026-08-31 07:34:55.172 +02:00 [INF] Processed transaction bcf9c500-8cca-473f-8651-7dc954207cd5: flagged=true, score=100
2026-08-31 07:34:55.174 +02:00 [INF] Transaction data FraudEventRecord { Event = TransactionEvent { PublishedAt = 31/08/2026 05:34:54 AM, Version = 1.0, CorrelationId = c1ae3353-d1aa-4e9b-b7ba-3680f4dfa685, Id = 0, KafkaTopic = poc-fraud-dev, TransactionId = bcf9c500-8cca-473f-8651-7dc954207cd5, CustomerId = CUST-0128, AccountId = ACC-00422, Amount = 100000, Currency = ZAR, MerchantName = Merchant-16, MerchantCategory = gambling, TransactionType = CNP, Channel = Online, CountryCode = NG, TransactionTime = 31/08/2026 05:34:54 AM }, RuleResults = System.Collections.Generic.List`1[fraud_poc_project_buss.Models.Fraud.FraudRuleSetRecord], IsFlagged = True, FraudScore = 100, FlaggedReason = HIGH_AMOUNT, FOREIGN_CNP, HIGH_RISK_MERCHANT, ROUND_AMOUNT }: 
2026-08-31 07:34:55.176 +02:00 [DBG] Resilience pipeline executing. Source: 'exception/(null)', Operation Key: 'null'
2026-08-31 07:34:55.189 +02:00 [INF] Execution attempt. Source: 'exception/(null)/Retry', Operation Key: 'null', Result: 'void', Handled: 'false', Attempt: '0', Execution Time: 11.4945ms
2026-08-31 07:34:55.193 +02:00 [DBG] Resilience pipeline executed. Source: 'exception/(null)', Operation Key: 'null', Result: 'void', Execution Time: 17.6839ms
2026-08-31 07:34:55.197 +02:00 [INF] Processed transaction a3bea304-4a31-4592-9063-e6c7606fac13: flagged=false, score=0
2026-08-31 07:34:55.202 +02:00 [INF] Transaction data FraudEventRecord { Event = TransactionEvent { PublishedAt = 31/08/2026 05:34:54 AM, Version = 1.0, CorrelationId = b89921d4-cdde-4ada-a951-97a6f1d2c2f9, Id = 0, KafkaTopic = poc-fraud-dev, TransactionId = a3bea304-4a31-4592-9063-e6c7606fac13, CustomerId = CUST-0107, AccountId = ACC-00164, Amount = 3876.02, Currency = ZAR, MerchantName = Merchant-82, MerchantCategory = fuel, TransactionType = EFT, Channel = Branch, CountryCode = ZA, TransactionTime = 31/08/2026 05:34:54 AM }, RuleResults = System.Collections.Generic.List`1[fraud_poc_project_buss.Models.Fraud.FraudRuleSetRecord], IsFlagged = False, FraudScore = 0, FlaggedReason =  }: 
2026-08-31 07:34:55.205 +02:00 [DBG] Resilience pipeline executing. Source: 'exception/(null)', Operation Key: 'null'
2026-08-31 07:34:55.218 +02:00 [INF] Execution attempt. Source: 'exception/(null)/Retry', Operation Key: 'null', Result: 'void', Handled: 'false', Attempt: '0', Execution Time: 10.3886ms
2026-08-31 07:34:55.222 +02:00 [DBG] Resilience pipeline executed. Source: 'exception/(null)', Operation Key: 'null', Result: 'void', Execution Time: 17.704ms
2026-08-31 07:34:55.226 +02:00 [INF] Processed transaction 607102a0-0f80-4d8f-9597-5e92dfb6293c: flagged=false, score=25
2026-08-31 07:34:55.228 +02:00 [INF] Transaction data FraudEventRecord { Event = TransactionEvent { PublishedAt = 31/08/2026 05:34:54 AM, Version = 1.0, CorrelationId = ecfe7042-54e6-4cf8-8c5d-20c8e3034867, Id = 0, KafkaTopic = poc-fraud-dev, TransactionId = 607102a0-0f80-4d8f-9597-5e92dfb6293c, CustomerId = CUST-0092, AccountId = ACC-00065, Amount = 3019.40, Currency = ZAR, MerchantName = Merchant-76, MerchantCategory = money_transfer, TransactionType = POS, Channel = Mobile, CountryCode = US, TransactionTime = 31/08/2026 05:34:54 AM }, RuleResults = System.Collections.Generic.List`1[fraud_poc_project_buss.Models.Fraud.FraudRuleSetRecord], IsFlagged = False, FraudScore = 25, FlaggedReason =  }: 
2026-08-31 07:34:55.233 +02:00 [INF] Successfully processed batch of 5 messages in 137.7168ms (36.31 msg/sec)
2026-08-31 07:34:55.235 +02:00 [INF] Processing batch of 5 messages (trigger: size)
2026-08-31 07:34:55.242 +02:00 [DBG] Committed offset: 287
2026-08-31 07:34:55.248 +02:00 [DBG] Resilience pipeline executing. Source: 'exception/(null)', Operation Key: 'null'
2026-08-31 07:34:55.260 +02:00 [INF] Execution attempt. Source: 'exception/(null)/Retry', Operation Key: 'null', Result: 'void', Handled: 'false', Attempt: '0', Execution Time: 9.2089ms
2026-08-31 07:34:55.265 +02:00 [DBG] Resilience pipeline executed. Source: 'exception/(null)', Operation Key: 'null', Result: 'void', Execution Time: 16.7698ms
2026-08-31 07:34:55.268 +02:00 [INF] Processed transaction 9c02fcac-ef01-4137-bd5c-687615ad316c: flagged=true, score=70
2026-08-31 07:34:55.269 +02:00 [INF] Transaction data FraudEventRecord { Event = TransactionEvent { PublishedAt = 31/08/2026 05:34:54 AM, Version = 1.0, CorrelationId = 9e739e20-452c-4474-8e5a-d3e2f96332a2, Id = 0, KafkaTopic = poc-fraud-dev, TransactionId = 9c02fcac-ef01-4137-bd5c-687615ad316c, CustomerId = CUST-0141, AccountId = ACC-00115, Amount = 15000, Currency = ZAR, MerchantName = Merchant-91, MerchantCategory = crypto, TransactionType = CNP, Channel = Online, CountryCode = GB, TransactionTime = 31/08/2026 05:34:54 AM }, RuleResults = System.Collections.Generic.List`1[fraud_poc_project_buss.Models.Fraud.FraudRuleSetRecord], IsFlagged = True, FraudScore = 70, FlaggedReason = FOREIGN_CNP, HIGH_RISK_MERCHANT, ROUND_AMOUNT }: 
2026-08-31 07:34:55.271 +02:00 [DBG] Resilience pipeline executing. Source: 'exception/(null)', Operation Key: 'null'
2026-08-31 07:34:55.283 +02:00 [INF] Execution attempt. Source: 'exception/(null)/Retry', Operation Key: 'null', Result: 'void', Handled: 'false', Attempt: '0', Execution Time: 9.4278ms
2026-08-31 07:34:55.286 +02:00 [DBG] Resilience pipeline executed. Source: 'exception/(null)', Operation Key: 'null', Result: 'void', Execution Time: 15.0336ms
2026-08-31 07:34:55.289 +02:00 [INF] Processed transaction 22dc0e36-aadb-44fa-93cf-ee8805a6f24c: flagged=false, score=0
2026-08-31 07:34:55.293 +02:00 [INF] Transaction data FraudEventRecord { Event = TransactionEvent { PublishedAt = 31/08/2026 05:34:54 AM, Version = 1.0, CorrelationId = 975811d6-f9ed-4d47-9108-56d4bcf1b03a, Id = 0, KafkaTopic = poc-fraud-dev, TransactionId = 22dc0e36-aadb-44fa-93cf-ee8805a6f24c, CustomerId = CUST-0040, AccountId = ACC-00119, Amount = 822.35, Currency = ZAR, MerchantName = Merchant-75, MerchantCategory = fuel, TransactionType = CNP, Channel = Mobile, CountryCode = ZA, TransactionTime = 31/08/2026 05:34:54 AM }, RuleResults = System.Collections.Generic.List`1[fraud_poc_project_buss.Models.Fraud.FraudRuleSetRecord], IsFlagged = False, FraudScore = 0, FlaggedReason =  }: 
2026-08-31 07:34:55.295 +02:00 [DBG] Resilience pipeline executing. Source: 'exception/(null)', Operation Key: 'null'
2026-08-31 07:34:55.309 +02:00 [INF] Execution attempt. Source: 'exception/(null)/Retry', Operation Key: 'null', Result: 'void', Handled: 'false', Attempt: '0', Execution Time: 11.5762ms
2026-08-31 07:34:55.313 +02:00 [DBG] Resilience pipeline executed. Source: 'exception/(null)', Operation Key: 'null', Result: 'void', Execution Time: 17.8952ms
2026-08-31 07:34:55.316 +02:00 [INF] Processed transaction 1b6d45fa-90bd-4f7e-ae4c-1eeb423c21d0: flagged=true, score=70
2026-08-31 07:34:55.318 +02:00 [INF] Transaction data FraudEventRecord { Event = TransactionEvent { PublishedAt = 31/08/2026 05:34:54 AM, Version = 1.0, CorrelationId = 9946ce87-de2b-4489-babc-9a5a6a261db4, Id = 0, KafkaTopic = poc-fraud-dev, TransactionId = 1b6d45fa-90bd-4f7e-ae4c-1eeb423c21d0, CustomerId = CUST-0112, AccountId = ACC-00048, Amount = 10000, Currency = ZAR, MerchantName = Merchant-48, MerchantCategory = crypto, TransactionType = CNP, Channel = Online, CountryCode = GB, TransactionTime = 31/08/2026 05:34:54 AM }, RuleResults = System.Collections.Generic.List`1[fraud_poc_project_buss.Models.Fraud.FraudRuleSetRecord], IsFlagged = True, FraudScore = 70, FlaggedReason = FOREIGN_CNP, HIGH_RISK_MERCHANT, ROUND_AMOUNT }: 
2026-08-31 07:34:55.320 +02:00 [DBG] Resilience pipeline executing. Source: 'exception/(null)', Operation Key: 'null'
2026-08-31 07:34:55.334 +02:00 [INF] Execution attempt. Source: 'exception/(null)/Retry', Operation Key: 'null', Result: 'void', Handled: 'false', Attempt: '0', Execution Time: 10.0353ms
2026-08-31 07:34:55.340 +02:00 [DBG] Resilience pipeline executed. Source: 'exception/(null)', Operation Key: 'null', Result: 'void', Execution Time: 20.0138ms
2026-08-31 07:34:55.343 +02:00 [INF] Processed transaction 9c9cdb22-f12a-42de-b837-43bc7eac1552: flagged=true, score=65
2026-08-31 07:34:55.345 +02:00 [INF] Transaction data FraudEventRecord { Event = TransactionEvent { PublishedAt = 31/08/2026 05:34:54 AM, Version = 1.0, CorrelationId = 93a7e8a7-a680-413e-8e6b-faded6087ef8, Id = 0, KafkaTopic = poc-fraud-dev, TransactionId = 9c9cdb22-f12a-42de-b837-43bc7eac1552, CustomerId = CUST-0111, AccountId = ACC-00186, Amount = 10000, Currency = ZAR, MerchantName = Merchant-37, MerchantCategory = gambling, TransactionType = ATM, Channel = ATM, CountryCode = NG, TransactionTime = 31/08/2026 05:34:54 AM }, RuleResults = System.Collections.Generic.List`1[fraud_poc_project_buss.Models.Fraud.FraudRuleSetRecord], IsFlagged = True, FraudScore = 65, FlaggedReason = ATM_WITHDRAWAL_LIMIT, HIGH_RISK_MERCHANT, ROUND_AMOUNT }: 
2026-08-31 07:34:55.347 +02:00 [DBG] Resilience pipeline executing. Source: 'exception/(null)', Operation Key: 'null'
2026-08-31 07:34:55.360 +02:00 [INF] Execution attempt. Source: 'exception/(null)/Retry', Operation Key: 'null', Result: 'void', Handled: 'false', Attempt: '0', Execution Time: 10.4714ms
2026-08-31 07:34:55.364 +02:00 [DBG] Resilience pipeline executed. Source: 'exception/(null)', Operation Key: 'null', Result: 'void', Execution Time: 17.2394ms
2026-08-31 07:34:55.373 +02:00 [INF] Processed transaction 4a620d3c-8bd5-46a6-a428-c9a0b4642820: flagged=true, score=65
2026-08-31 07:34:55.375 +02:00 [INF] Transaction data FraudEventRecord { Event = TransactionEvent { PublishedAt = 31/08/2026 05:34:54 AM, Version = 1.0, CorrelationId = dc928134-69ab-4657-9f13-e74b8af4a9c7, Id = 0, KafkaTopic = poc-fraud-dev, TransactionId = 4a620d3c-8bd5-46a6-a428-c9a0b4642820, CustomerId = CUST-0077, AccountId = ACC-00234, Amount = 10000, Currency = ZAR, MerchantName = Merchant-31, MerchantCategory = gambling, TransactionType = ATM, Channel = ATM, CountryCode = NG, TransactionTime = 31/08/2026 05:34:54 AM }, RuleResults = System.Collections.Generic.List`1[fraud_poc_project_buss.Models.Fraud.FraudRuleSetRecord], IsFlagged = True, FraudScore = 65, FlaggedReason = ATM_WITHDRAWAL_LIMIT, HIGH_RISK_MERCHANT, ROUND_AMOUNT }: 
2026-08-31 07:34:55.377 +02:00 [INF] Successfully processed batch of 5 messages in 133.1795ms (37.54 msg/sec)
2026-08-31 07:34:55.379 +02:00 [INF] Processing batch of 5 messages (trigger: size)
2026-08-31 07:34:55.386 +02:00 [DBG] Committed offset: 292
2026-08-31 08:17:19.220 +02:00 [INF] Starting Kafka consumer for topic: poc-fraud-dev with batch processing
2026-08-31 08:17:19.380 +02:00 [INF] Now listening on: http://localhost:5237
2026-08-31 08:17:19.444 +02:00 [INF] Application started. Press Ctrl+C to shut down.
2026-08-31 08:17:19.450 +02:00 [INF] Hosting environment: LOC
2026-08-31 08:17:19.452 +02:00 [INF] Content root path: C:\Development\Therron\training\src\fraud_poc_project_ui
2026-08-31 08:17:23.421 +02:00 [INF] Partitions assigned: poc-fraud-dev [[0]]
2026-08-31 08:17:43.611 +02:00 [INF] FraudKafkaProducer initialized for application: fraud_poc
2026-08-31 08:17:44.671 +02:00 [DBG] Successfully produced message to topic: poc-fraud-dev, partition: 0, offset: 293, correlationId: "1305d23c-f552-4fea-88ce-38d835634e07"
2026-08-31 08:17:44.712 +02:00 [DBG] Successfully produced message to topic: poc-fraud-dev, partition: 0, offset: 294, correlationId: "5191eac7-6263-4db3-8e7b-5b896b13cbae"
2026-08-31 08:17:44.738 +02:00 [DBG] Successfully produced message to topic: poc-fraud-dev, partition: 0, offset: 295, correlationId: "31c68ac7-9a69-4654-b2fa-bda2225a79d2"
2026-08-31 08:17:44.748 +02:00 [INF] Load simulation completed: 3 produced, 0 failed out of 3 requested.
2026-08-31 08:17:45.120 +02:00 [DBG] Resilience pipeline executing. Source: 'exception/(null)', Operation Key: 'null'
2026-08-31 08:17:45.441 +02:00 [INF] Execution attempt. Source: 'exception/(null)/Retry', Operation Key: 'null', Result: 'void', Handled: 'false', Attempt: '0', Execution Time: 302.8929ms
2026-08-31 08:17:45.454 +02:00 [DBG] Resilience pipeline executed. Source: 'exception/(null)', Operation Key: 'null', Result: 'void', Execution Time: 335.1187ms
2026-08-31 08:17:45.462 +02:00 [INF] Processed transaction 06cfe4a0-904a-41d7-8ff1-2af2a54698e2: flagged=false, score=25
2026-08-31 08:17:45.466 +02:00 [INF] Transaction data FraudEventRecord { Event = TransactionEvent { PublishedAt = 31/08/2026 06:17:43 AM, Version = 1.0, CorrelationId = 1305d23c-f552-4fea-88ce-38d835634e07, Id = 0, KafkaTopic = poc-fraud-dev, TransactionId = 06cfe4a0-904a-41d7-8ff1-2af2a54698e2, CustomerId = CUST-0078, AccountId = ACC-00440, Amount = 3172.48, Currency = ZAR, MerchantName = Merchant-63, MerchantCategory = money_transfer, TransactionType = CNP, Channel = Mobile, CountryCode = ZA, TransactionTime = 31/08/2026 06:17:43 AM }, RuleResults = System.Collections.Generic.List`1[fraud_poc_project_buss.Models.Fraud.FraudRuleSetRecord], IsFlagged = False, FraudScore = 25, FlaggedReason =  }: 
2026-08-31 08:17:45.469 +02:00 [INF] Successfully processed batch of 1 messages in 734.9929ms (1.36 msg/sec)
2026-08-31 08:17:45.473 +02:00 [INF] Processing batch of 1 messages (trigger: timeout)
2026-08-31 08:17:45.493 +02:00 [DBG] Committed offset: 293
2026-08-31 08:35:54.248 +02:00 [INF] Starting Kafka consumer for topic: poc-fraud-dev with batch processing
2026-08-31 08:35:54.438 +02:00 [INF] Now listening on: http://localhost:5237
2026-08-31 08:35:54.555 +02:00 [INF] Application started. Press Ctrl+C to shut down.
2026-08-31 08:35:54.560 +02:00 [INF] Hosting environment: LOC
2026-08-31 08:35:54.561 +02:00 [INF] Content root path: C:\Development\Therron\training\src\fraud_poc_project_ui
2026-08-31 08:35:58.390 +02:00 [INF] Partitions assigned: poc-fraud-dev [[0]]
2026-08-31 08:41:09.644 +02:00 [INF] FraudKafkaProducer initialized for application: fraud_poc
2026-08-31 08:41:10.680 +02:00 [DBG] Successfully produced message to topic: poc-fraud-dev, partition: 0, offset: 296, correlationId: "5b8ce713-edca-4f90-8eee-94875a0d80ba"
2026-08-31 08:41:10.706 +02:00 [DBG] Successfully produced message to topic: poc-fraud-dev, partition: 0, offset: 297, correlationId: "8c1efb34-5556-40c9-8345-9b38ca8e1968"
2026-08-31 08:41:10.736 +02:00 [DBG] Successfully produced message to topic: poc-fraud-dev, partition: 0, offset: 298, correlationId: "f562bea4-2487-43ca-a2c0-18dbafc7b906"
2026-08-31 08:41:10.748 +02:00 [INF] Load simulation completed: 3 produced, 0 failed out of 3 requested.
2026-08-31 08:41:11.067 +02:00 [DBG] Resilience pipeline executing. Source: 'exception/(null)', Operation Key: 'null'
2026-08-31 08:41:11.359 +02:00 [INF] Execution attempt. Source: 'exception/(null)/Retry', Operation Key: 'null', Result: 'void', Handled: 'false', Attempt: '0', Execution Time: 280.9385ms
2026-08-31 08:41:11.368 +02:00 [DBG] Resilience pipeline executed. Source: 'exception/(null)', Operation Key: 'null', Result: 'void', Execution Time: 302.4598ms
2026-08-31 08:41:11.372 +02:00 [INF] Processed transaction c18df3c5-3dba-49c5-944d-8713eb450b62: flagged=false, score=0
2026-08-31 08:41:11.374 +02:00 [INF] Transaction data FraudEventRecord { Event = TransactionEvent { PublishedAt = 31/08/2026 06:17:44 AM, Version = 1.0, CorrelationId = 5191eac7-6263-4db3-8e7b-5b896b13cbae, Id = 0, KafkaTopic = poc-fraud-dev, TransactionId = c18df3c5-3dba-49c5-944d-8713eb450b62, CustomerId = CUST-0023, AccountId = ACC-00162, Amount = 1305.79, Currency = ZAR, MerchantName = Merchant-87, MerchantCategory = fuel, TransactionType = POS, Channel = ATM, CountryCode = ZA, TransactionTime = 31/08/2026 06:17:44 AM }, RuleResults = System.Collections.Generic.List`1[fraud_poc_project_buss.Models.Fraud.FraudRuleSetRecord], IsFlagged = False, FraudScore = 0, FlaggedReason =  }: 
2026-08-31 08:41:11.376 +02:00 [DBG] Resilience pipeline executing. Source: 'exception/(null)', Operation Key: 'null'
2026-08-31 08:41:11.386 +02:00 [INF] Execution attempt. Source: 'exception/(null)/Retry', Operation Key: 'null', Result: 'void', Handled: 'false', Attempt: '0', Execution Time: 8.1009ms
2026-08-31 08:41:11.388 +02:00 [DBG] Resilience pipeline executed. Source: 'exception/(null)', Operation Key: 'null', Result: 'void', Execution Time: 12.4864ms
2026-08-31 08:41:11.390 +02:00 [INF] Processed transaction d92d201c-8ef3-4cf0-a8fb-61c5cc71576f: flagged=false, score=0
2026-08-31 08:41:11.392 +02:00 [INF] Transaction data FraudEventRecord { Event = TransactionEvent { PublishedAt = 31/08/2026 06:17:44 AM, Version = 1.0, CorrelationId = 31c68ac7-9a69-4654-b2fa-bda2225a79d2, Id = 0, KafkaTopic = poc-fraud-dev, TransactionId = d92d201c-8ef3-4cf0-a8fb-61c5cc71576f, CustomerId = CUST-0150, AccountId = ACC-00011, Amount = 4150.89, Currency = ZAR, MerchantName = Merchant-25, MerchantCategory = fuel, TransactionType = POS, Channel = Online, CountryCode = ZA, TransactionTime = 31/08/2026 06:17:44 AM }, RuleResults = System.Collections.Generic.List`1[fraud_poc_project_buss.Models.Fraud.FraudRuleSetRecord], IsFlagged = False, FraudScore = 0, FlaggedReason =  }: 
2026-08-31 08:41:11.394 +02:00 [DBG] Resilience pipeline executing. Source: 'exception/(null)', Operation Key: 'null'
2026-08-31 08:41:11.404 +02:00 [INF] Execution attempt. Source: 'exception/(null)/Retry', Operation Key: 'null', Result: 'void', Handled: 'false', Attempt: '0', Execution Time: 8.7308ms
2026-08-31 08:41:11.407 +02:00 [DBG] Resilience pipeline executed. Source: 'exception/(null)', Operation Key: 'null', Result: 'void', Execution Time: 13.0028ms
2026-08-31 08:41:11.409 +02:00 [INF] Processed transaction 2bcbbfcd-3dd8-4a7c-950c-122635574bd5: flagged=false, score=25
2026-08-31 08:41:11.410 +02:00 [INF] Transaction data FraudEventRecord { Event = TransactionEvent { PublishedAt = 31/08/2026 06:41:09 AM, Version = 1.0, CorrelationId = 5b8ce713-edca-4f90-8eee-94875a0d80ba, Id = 0, KafkaTopic = poc-fraud-dev, TransactionId = 2bcbbfcd-3dd8-4a7c-950c-122635574bd5, CustomerId = CUST-0051, AccountId = ACC-00162, Amount = 498.77, Currency = ZAR, MerchantName = Merchant-42, MerchantCategory = gambling, TransactionType = POS, Channel = Online, CountryCode = ZA, TransactionTime = 31/08/2026 06:41:09 AM }, RuleResults = System.Collections.Generic.List`1[fraud_poc_project_buss.Models.Fraud.FraudRuleSetRecord], IsFlagged = False, FraudScore = 25, FlaggedReason =  }: 
2026-08-31 08:41:11.416 +02:00 [INF] Successfully processed batch of 3 messages in 666.7002ms (4.5 msg/sec)
2026-08-31 08:41:11.418 +02:00 [INF] Processing batch of 3 messages (trigger: timeout)
2026-08-31 08:41:11.429 +02:00 [DBG] Committed offset: 296
2026-08-31 08:41:35.045 +02:00 [DBG] Successfully produced message to topic: poc-fraud-dev, partition: 0, offset: 299, correlationId: "b71346d5-c686-4c53-a85e-694dca2d6ec2"
2026-08-31 08:41:35.077 +02:00 [DBG] Successfully produced message to topic: poc-fraud-dev, partition: 0, offset: 300, correlationId: "8426c4ce-7e3e-4995-94a7-5f2c32d939f0"
2026-08-31 08:41:35.107 +02:00 [DBG] Successfully produced message to topic: poc-fraud-dev, partition: 0, offset: 301, correlationId: "3eae6630-0712-4817-951b-a1223fc91b5f"
2026-08-31 08:41:35.117 +02:00 [DBG] Resilience pipeline executing. Source: 'exception/(null)', Operation Key: 'null'
2026-08-31 08:41:35.138 +02:00 [DBG] Successfully produced message to topic: poc-fraud-dev, partition: 0, offset: 302, correlationId: "7e992120-d7e3-4e83-b9a4-4a62a7e3ae4f"
2026-08-31 08:41:35.154 +02:00 [INF] Execution attempt. Source: 'exception/(null)/Retry', Operation Key: 'null', Result: 'void', Handled: 'false', Attempt: '0', Execution Time: 28.6742ms
2026-08-31 08:41:35.161 +02:00 [DBG] Resilience pipeline executed. Source: 'exception/(null)', Operation Key: 'null', Result: 'void', Execution Time: 43.5002ms
2026-08-31 08:41:35.169 +02:00 [INF] Processed transaction 3dc68e6d-8554-4cc7-86c7-563589f7023f: flagged=false, score=0
2026-08-31 08:41:35.172 +02:00 [INF] Transaction data FraudEventRecord { Event = TransactionEvent { PublishedAt = 31/08/2026 06:41:10 AM, Version = 1.0, CorrelationId = 8c1efb34-5556-40c9-8345-9b38ca8e1968, Id = 0, KafkaTopic = poc-fraud-dev, TransactionId = 3dc68e6d-8554-4cc7-86c7-563589f7023f, CustomerId = CUST-0092, AccountId = ACC-00462, Amount = 3118.69, Currency = ZAR, MerchantName = Merchant-1, MerchantCategory = fuel, TransactionType = EFT, Channel = Mobile, CountryCode = ZA, TransactionTime = 31/08/2026 06:41:10 AM }, RuleResults = System.Collections.Generic.List`1[fraud_poc_project_buss.Models.Fraud.FraudRuleSetRecord], IsFlagged = False, FraudScore = 0, FlaggedReason =  }: 
2026-08-31 08:41:35.174 +02:00 [DBG] Resilience pipeline executing. Source: 'exception/(null)', Operation Key: 'null'
2026-08-31 08:41:35.183 +02:00 [DBG] Successfully produced message to topic: poc-fraud-dev, partition: 0, offset: 303, correlationId: "aeef2119-c664-4b92-b0f1-613559e4efb3"
2026-08-31 08:41:35.189 +02:00 [INF] Execution attempt. Source: 'exception/(null)/Retry', Operation Key: 'null', Result: 'void', Handled: 'false', Attempt: '0', Execution Time: 12.6869ms
2026-08-31 08:41:35.193 +02:00 [DBG] Resilience pipeline executed. Source: 'exception/(null)', Operation Key: 'null', Result: 'void', Execution Time: 18.4727ms
2026-08-31 08:41:35.197 +02:00 [INF] Processed transaction b5c57bd8-3006-4156-8fdf-153db7a2ee67: flagged=false, score=35
2026-08-31 08:41:35.199 +02:00 [INF] Transaction data FraudEventRecord { Event = TransactionEvent { PublishedAt = 31/08/2026 06:41:10 AM, Version = 1.0, CorrelationId = f562bea4-2487-43ca-a2c0-18dbafc7b906, Id = 0, KafkaTopic = poc-fraud-dev, TransactionId = b5c57bd8-3006-4156-8fdf-153db7a2ee67, CustomerId = CUST-0134, AccountId = ACC-00435, Amount = 5000, Currency = ZAR, MerchantName = Merchant-18, MerchantCategory = gambling, TransactionType = ATM, Channel = ATM, CountryCode = NG, TransactionTime = 31/08/2026 06:41:10 AM }, RuleResults = System.Collections.Generic.List`1[fraud_poc_project_buss.Models.Fraud.FraudRuleSetRecord], IsFlagged = False, FraudScore = 35, FlaggedReason =  }: 
2026-08-31 08:41:35.200 +02:00 [DBG] Resilience pipeline executing. Source: 'exception/(null)', Operation Key: 'null'
2026-08-31 08:41:35.207 +02:00 [DBG] Successfully produced message to topic: poc-fraud-dev, partition: 0, offset: 304, correlationId: "79c632de-6ad2-493c-9be6-dd23132749c2"
2026-08-31 08:41:35.212 +02:00 [INF] Execution attempt. Source: 'exception/(null)/Retry', Operation Key: 'null', Result: 'void', Handled: 'false', Attempt: '0', Execution Time: 11.0398ms
2026-08-31 08:41:35.218 +02:00 [DBG] Resilience pipeline executed. Source: 'exception/(null)', Operation Key: 'null', Result: 'void', Execution Time: 17.839ms
2026-08-31 08:41:35.221 +02:00 [INF] Processed transaction 623cdaa1-379a-406f-ade6-489aaa4b3c51: flagged=false, score=0
2026-08-31 08:41:35.223 +02:00 [INF] Transaction data FraudEventRecord { Event = TransactionEvent { PublishedAt = 31/08/2026 06:41:35 AM, Version = 1.0, CorrelationId = b71346d5-c686-4c53-a85e-694dca2d6ec2, Id = 0, KafkaTopic = poc-fraud-dev, TransactionId = 623cdaa1-379a-406f-ade6-489aaa4b3c51, CustomerId = CUST-0108, AccountId = ACC-00316, Amount = 4725.68, Currency = ZAR, MerchantName = Merchant-99, MerchantCategory = grocery, TransactionType = EFT, Channel = Branch, CountryCode = ZA, TransactionTime = 31/08/2026 06:41:35 AM }, RuleResults = System.Collections.Generic.List`1[fraud_poc_project_buss.Models.Fraud.FraudRuleSetRecord], IsFlagged = False, FraudScore = 0, FlaggedReason =  }: 
2026-08-31 08:41:35.229 +02:00 [DBG] Successfully produced message to topic: poc-fraud-dev, partition: 0, offset: 305, correlationId: "9b0be4e9-2ddf-4666-8a21-25016664df37"
2026-08-31 08:41:35.230 +02:00 [INF] Successfully processed batch of 3 messages in 121.4441ms (24.7 msg/sec)
2026-08-31 08:41:35.236 +02:00 [INF] Processing batch of 3 messages (trigger: timeout)
2026-08-31 08:41:35.244 +02:00 [DBG] Committed offset: 299
2026-08-31 08:41:35.251 +02:00 [DBG] Resilience pipeline executing. Source: 'exception/(null)', Operation Key: 'null'
2026-08-31 08:41:35.261 +02:00 [DBG] Successfully produced message to topic: poc-fraud-dev, partition: 0, offset: 306, correlationId: "3e4dff2b-9fcf-4f94-a67c-85e49baaba80"
2026-08-31 08:41:35.266 +02:00 [INF] Execution attempt. Source: 'exception/(null)/Retry', Operation Key: 'null', Result: 'void', Handled: 'false', Attempt: '0', Execution Time: 12.5115ms
2026-08-31 08:41:35.272 +02:00 [DBG] Resilience pipeline executed. Source: 'exception/(null)', Operation Key: 'null', Result: 'void', Execution Time: 20.3817ms
2026-08-31 08:41:35.280 +02:00 [INF] Processed transaction 929cf5d9-767d-4928-98ce-c1e69dd58cbe: flagged=false, score=25
2026-08-31 08:41:35.283 +02:00 [INF] Transaction data FraudEventRecord { Event = TransactionEvent { PublishedAt = 31/08/2026 06:41:35 AM, Version = 1.0, CorrelationId = 8426c4ce-7e3e-4995-94a7-5f2c32d939f0, Id = 0, KafkaTopic = poc-fraud-dev, TransactionId = 929cf5d9-767d-4928-98ce-c1e69dd58cbe, CustomerId = CUST-0167, AccountId = ACC-00128, Amount = 3648.64, Currency = ZAR, MerchantName = Merchant-65, MerchantCategory = gambling, TransactionType = POS, Channel = Online, CountryCode = ZA, TransactionTime = 31/08/2026 06:41:35 AM }, RuleResults = System.Collections.Generic.List`1[fraud_poc_project_buss.Models.Fraud.FraudRuleSetRecord], IsFlagged = False, FraudScore = 25, FlaggedReason =  }: 
2026-08-31 08:41:35.285 +02:00 [DBG] Resilience pipeline executing. Source: 'exception/(null)', Operation Key: 'null'
2026-08-31 08:41:35.294 +02:00 [DBG] Successfully produced message to topic: poc-fraud-dev, partition: 0, offset: 307, correlationId: "9d6b33b5-b74a-4524-a4f4-4e6e6c684bd4"
2026-08-31 08:41:35.301 +02:00 [INF] Execution attempt. Source: 'exception/(null)/Retry', Operation Key: 'null', Result: 'void', Handled: 'false', Attempt: '0', Execution Time: 11.954ms
2026-08-31 08:41:35.308 +02:00 [DBG] Resilience pipeline executed. Source: 'exception/(null)', Operation Key: 'null', Result: 'void', Execution Time: 22.424ms
2026-08-31 08:41:35.310 +02:00 [INF] Processed transaction db57390a-c18b-41ba-b8f6-a6545997110e: flagged=false, score=0
2026-08-31 08:41:35.313 +02:00 [INF] Transaction data FraudEventRecord { Event = TransactionEvent { PublishedAt = 31/08/2026 06:41:35 AM, Version = 1.0, CorrelationId = 3eae6630-0712-4817-951b-a1223fc91b5f, Id = 0, KafkaTopic = poc-fraud-dev, TransactionId = db57390a-c18b-41ba-b8f6-a6545997110e, CustomerId = CUST-0015, AccountId = ACC-00197, Amount = 878.61, Currency = ZAR, MerchantName = Merchant-20, MerchantCategory = fuel, TransactionType = POS, Channel = Branch, CountryCode = ZA, TransactionTime = 31/08/2026 06:41:35 AM }, RuleResults = System.Collections.Generic.List`1[fraud_poc_project_buss.Models.Fraud.FraudRuleSetRecord], IsFlagged = False, FraudScore = 0, FlaggedReason =  }: 
2026-08-31 08:41:35.317 +02:00 [DBG] Resilience pipeline executing. Source: 'exception/(null)', Operation Key: 'null'
2026-08-31 08:41:35.323 +02:00 [DBG] Successfully produced message to topic: poc-fraud-dev, partition: 0, offset: 308, correlationId: "78ca977a-76ee-4728-ad65-bdec40202f61"
2026-08-31 08:41:35.336 +02:00 [INF] Execution attempt. Source: 'exception/(null)/Retry', Operation Key: 'null', Result: 'void', Handled: 'false', Attempt: '0', Execution Time: 11.1575ms
2026-08-31 08:41:35.342 +02:00 [DBG] Resilience pipeline executed. Source: 'exception/(null)', Operation Key: 'null', Result: 'void', Execution Time: 25.1313ms
2026-08-31 08:41:35.345 +02:00 [INF] Processed transaction 939262ae-2159-4476-8cb9-2556d88e065d: flagged=true, score=100
2026-08-31 08:41:35.347 +02:00 [INF] Transaction data FraudEventRecord { Event = TransactionEvent { PublishedAt = 31/08/2026 06:41:35 AM, Version = 1.0, CorrelationId = 7e992120-d7e3-4e83-b9a4-4a62a7e3ae4f, Id = 0, KafkaTopic = poc-fraud-dev, TransactionId = 939262ae-2159-4476-8cb9-2556d88e065d, CustomerId = CUST-0051, AccountId = ACC-00327, Amount = 100000, Currency = ZAR, MerchantName = Merchant-57, MerchantCategory = crypto, TransactionType = CNP, Channel = Online, CountryCode = NG, TransactionTime = 31/08/2026 06:41:35 AM }, RuleResults = System.Collections.Generic.List`1[fraud_poc_project_buss.Models.Fraud.FraudRuleSetRecord], IsFlagged = True, FraudScore = 100, FlaggedReason = HIGH_AMOUNT, FOREIGN_CNP, HIGH_RISK_MERCHANT, ROUND_AMOUNT }: 
2026-08-31 08:41:35.349 +02:00 [DBG] Resilience pipeline executing. Source: 'exception/(null)', Operation Key: 'null'
2026-08-31 08:41:35.354 +02:00 [DBG] Successfully produced message to topic: poc-fraud-dev, partition: 0, offset: 309, correlationId: "b61b1332-c065-4d84-95da-c165b183e0ef"
2026-08-31 08:41:35.365 +02:00 [INF] Load simulation completed: 11 produced, 0 failed out of 11 requested.
2026-08-31 08:41:35.370 +02:00 [INF] Execution attempt. Source: 'exception/(null)/Retry', Operation Key: 'null', Result: 'void', Handled: 'false', Attempt: '0', Execution Time: 11.1965ms
2026-08-31 08:41:35.376 +02:00 [DBG] Resilience pipeline executed. Source: 'exception/(null)', Operation Key: 'null', Result: 'void', Execution Time: 26.5344ms
2026-08-31 08:41:35.380 +02:00 [INF] Processed transaction 21d775aa-2754-4990-aa8d-1e6758ca97b4: flagged=false, score=25
2026-08-31 08:41:35.387 +02:00 [INF] Transaction data FraudEventRecord { Event = TransactionEvent { PublishedAt = 31/08/2026 06:41:35 AM, Version = 1.0, CorrelationId = aeef2119-c664-4b92-b0f1-613559e4efb3, Id = 0, KafkaTopic = poc-fraud-dev, TransactionId = 21d775aa-2754-4990-aa8d-1e6758ca97b4, CustomerId = CUST-0054, AccountId = ACC-00031, Amount = 1769.83, Currency = ZAR, MerchantName = Merchant-3, MerchantCategory = gambling, TransactionType = ATM, Channel = Online, CountryCode = ZA, TransactionTime = 31/08/2026 06:41:35 AM }, RuleResults = System.Collections.Generic.List`1[fraud_poc_project_buss.Models.Fraud.FraudRuleSetRecord], IsFlagged = False, FraudScore = 25, FlaggedReason =  }: 
2026-08-31 08:41:35.389 +02:00 [DBG] Resilience pipeline executing. Source: 'exception/(null)', Operation Key: 'null'
2026-08-31 08:41:35.401 +02:00 [INF] Execution attempt. Source: 'exception/(null)/Retry', Operation Key: 'null', Result: 'void', Handled: 'false', Attempt: '0', Execution Time: 9.4097ms
2026-08-31 08:41:35.404 +02:00 [DBG] Resilience pipeline executed. Source: 'exception/(null)', Operation Key: 'null', Result: 'void', Execution Time: 15.2281ms
2026-08-31 08:41:35.407 +02:00 [INF] Processed transaction b744e756-25de-4104-8c56-20134e1eeb13: flagged=false, score=25
2026-08-31 08:41:35.409 +02:00 [INF] Transaction data FraudEventRecord { Event = TransactionEvent { PublishedAt = 31/08/2026 06:41:35 AM, Version = 1.0, CorrelationId = 79c632de-6ad2-493c-9be6-dd23132749c2, Id = 0, KafkaTopic = poc-fraud-dev, TransactionId = b744e756-25de-4104-8c56-20134e1eeb13, CustomerId = CUST-0163, AccountId = ACC-00144, Amount = 4931.36, Currency = ZAR, MerchantName = Merchant-11, MerchantCategory = gambling, TransactionType = EFT, Channel = ATM, CountryCode = ZA, TransactionTime = 31/08/2026 06:41:35 AM }, RuleResults = System.Collections.Generic.List`1[fraud_poc_project_buss.Models.Fraud.FraudRuleSetRecord], IsFlagged = False, FraudScore = 25, FlaggedReason =  }: 
2026-08-31 08:41:35.410 +02:00 [INF] Successfully processed batch of 5 messages in 161.7593ms (30.91 msg/sec)
2026-08-31 08:41:35.414 +02:00 [INF] Processing batch of 5 messages (trigger: size)
2026-08-31 08:41:35.418 +02:00 [DBG] Committed offset: 304
2026-08-31 08:41:35.801 +02:00 [DBG] Resilience pipeline executing. Source: 'exception/(null)', Operation Key: 'null'
2026-08-31 08:41:35.829 +02:00 [INF] Execution attempt. Source: 'exception/(null)/Retry', Operation Key: 'null', Result: 'void', Handled: 'false', Attempt: '0', Execution Time: 15.9585ms
2026-08-31 08:41:35.839 +02:00 [DBG] Resilience pipeline executed. Source: 'exception/(null)', Operation Key: 'null', Result: 'void', Execution Time: 37.3097ms
2026-08-31 08:41:35.842 +02:00 [INF] Processed transaction 8dcdbed0-b487-4f8d-96e1-cc998c911baf: flagged=false, score=0
2026-08-31 08:41:35.850 +02:00 [INF] Transaction data FraudEventRecord { Event = TransactionEvent { PublishedAt = 31/08/2026 06:41:35 AM, Version = 1.0, CorrelationId = 9b0be4e9-2ddf-4666-8a21-25016664df37, Id = 0, KafkaTopic = poc-fraud-dev, TransactionId = 8dcdbed0-b487-4f8d-96e1-cc998c911baf, CustomerId = CUST-0193, AccountId = ACC-00104, Amount = 3530.98, Currency = ZAR, MerchantName = Merchant-12, MerchantCategory = travel, TransactionType = EFT, Channel = ATM, CountryCode = ZA, TransactionTime = 31/08/2026 06:41:35 AM }, RuleResults = System.Collections.Generic.List`1[fraud_poc_project_buss.Models.Fraud.FraudRuleSetRecord], IsFlagged = False, FraudScore = 0, FlaggedReason =  }: 
2026-08-31 08:41:35.853 +02:00 [DBG] Resilience pipeline executing. Source: 'exception/(null)', Operation Key: 'null'
2026-08-31 08:41:35.865 +02:00 [INF] Execution attempt. Source: 'exception/(null)/Retry', Operation Key: 'null', Result: 'void', Handled: 'false', Attempt: '0', Execution Time: 10.4716ms
2026-08-31 08:41:35.869 +02:00 [DBG] Resilience pipeline executed. Source: 'exception/(null)', Operation Key: 'null', Result: 'void', Execution Time: 15.7481ms
2026-08-31 08:41:35.873 +02:00 [INF] Processed transaction dd26f0b5-1f70-4be3-819b-6bbb618e3930: flagged=false, score=0
2026-08-31 08:41:35.875 +02:00 [INF] Transaction data FraudEventRecord { Event = TransactionEvent { PublishedAt = 31/08/2026 06:41:35 AM, Version = 1.0, CorrelationId = 3e4dff2b-9fcf-4f94-a67c-85e49baaba80, Id = 0, KafkaTopic = poc-fraud-dev, TransactionId = dd26f0b5-1f70-4be3-819b-6bbb618e3930, CustomerId = CUST-0142, AccountId = ACC-00295, Amount = 2487.42, Currency = ZAR, MerchantName = Merchant-10, MerchantCategory = travel, TransactionType = POS, Channel = Mobile, CountryCode = ZA, TransactionTime = 31/08/2026 06:41:35 AM }, RuleResults = System.Collections.Generic.List`1[fraud_poc_project_buss.Models.Fraud.FraudRuleSetRecord], IsFlagged = False, FraudScore = 0, FlaggedReason =  }: 
2026-08-31 08:41:35.881 +02:00 [DBG] Resilience pipeline executing. Source: 'exception/(null)', Operation Key: 'null'
2026-08-31 08:41:35.895 +02:00 [INF] Execution attempt. Source: 'exception/(null)/Retry', Operation Key: 'null', Result: 'void', Handled: 'false', Attempt: '0', Execution Time: 10.5646ms
2026-08-31 08:41:35.901 +02:00 [DBG] Resilience pipeline executed. Source: 'exception/(null)', Operation Key: 'null', Result: 'void', Execution Time: 19.4833ms
2026-08-31 08:41:35.903 +02:00 [INF] Processed transaction 2e27c707-49fc-4f28-93bb-221f2fe21bd0: flagged=true, score=100
2026-08-31 08:41:35.905 +02:00 [INF] Transaction data FraudEventRecord { Event = TransactionEvent { PublishedAt = 31/08/2026 06:41:35 AM, Version = 1.0, CorrelationId = 9d6b33b5-b74a-4524-a4f4-4e6e6c684bd4, Id = 0, KafkaTopic = poc-fraud-dev, TransactionId = 2e27c707-49fc-4f28-93bb-221f2fe21bd0, CustomerId = CUST-0106, AccountId = ACC-00314, Amount = 100000, Currency = ZAR, MerchantName = Merchant-82, MerchantCategory = crypto, TransactionType = CNP, Channel = Online, CountryCode = NG, TransactionTime = 31/08/2026 06:41:35 AM }, RuleResults = System.Collections.Generic.List`1[fraud_poc_project_buss.Models.Fraud.FraudRuleSetRecord], IsFlagged = True, FraudScore = 100, FlaggedReason = HIGH_AMOUNT, FOREIGN_CNP, HIGH_RISK_MERCHANT, ROUND_AMOUNT }: 
2026-08-31 08:41:35.911 +02:00 [DBG] Resilience pipeline executing. Source: 'exception/(null)', Operation Key: 'null'
2026-08-31 08:41:35.924 +02:00 [INF] Execution attempt. Source: 'exception/(null)/Retry', Operation Key: 'null', Result: 'void', Handled: 'false', Attempt: '0', Execution Time: 10.6887ms
2026-08-31 08:41:35.930 +02:00 [DBG] Resilience pipeline executed. Source: 'exception/(null)', Operation Key: 'null', Result: 'void', Execution Time: 18.6716ms
2026-08-31 08:41:35.934 +02:00 [INF] Processed transaction 9670686e-3d84-4761-8cf8-734fa8579795: flagged=false, score=25
2026-08-31 08:41:35.936 +02:00 [INF] Transaction data FraudEventRecord { Event = TransactionEvent { PublishedAt = 31/08/2026 06:41:35 AM, Version = 1.0, CorrelationId = 78ca977a-76ee-4728-ad65-bdec40202f61, Id = 0, KafkaTopic = poc-fraud-dev, TransactionId = 9670686e-3d84-4761-8cf8-734fa8579795, CustomerId = CUST-0140, AccountId = ACC-00366, Amount = 3154.44, Currency = ZAR, MerchantName = Merchant-15, MerchantCategory = crypto, TransactionType = CNP, Channel = Mobile, CountryCode = ZA, TransactionTime = 31/08/2026 06:41:35 AM }, RuleResults = System.Collections.Generic.List`1[fraud_poc_project_buss.Models.Fraud.FraudRuleSetRecord], IsFlagged = False, FraudScore = 25, FlaggedReason =  }: 
2026-08-31 08:41:35.937 +02:00 [DBG] Resilience pipeline executing. Source: 'exception/(null)', Operation Key: 'null'
2026-08-31 08:41:35.956 +02:00 [INF] Execution attempt. Source: 'exception/(null)/Retry', Operation Key: 'null', Result: 'void', Handled: 'false', Attempt: '0', Execution Time: 10.0468ms
2026-08-31 08:41:35.962 +02:00 [DBG] Resilience pipeline executed. Source: 'exception/(null)', Operation Key: 'null', Result: 'void', Execution Time: 24.7652ms
2026-08-31 08:41:35.965 +02:00 [INF] Processed transaction b7452509-a9d6-422d-b574-20b3493757b2: flagged=false, score=25
2026-08-31 08:41:35.967 +02:00 [INF] Transaction data FraudEventRecord { Event = TransactionEvent { PublishedAt = 31/08/2026 06:41:35 AM, Version = 1.0, CorrelationId = b61b1332-c065-4d84-95da-c165b183e0ef, Id = 0, KafkaTopic = poc-fraud-dev, TransactionId = b7452509-a9d6-422d-b574-20b3493757b2, CustomerId = CUST-0020, AccountId = ACC-00319, Amount = 2924.81, Currency = ZAR, MerchantName = Merchant-86, MerchantCategory = gambling, TransactionType = CNP, Channel = Branch, CountryCode = ZA, TransactionTime = 31/08/2026 06:41:35 AM }, RuleResults = System.Collections.Generic.List`1[fraud_poc_project_buss.Models.Fraud.FraudRuleSetRecord], IsFlagged = False, FraudScore = 25, FlaggedReason =  }: 
2026-08-31 08:41:35.968 +02:00 [INF] Successfully processed batch of 5 messages in 169.2291ms (29.55 msg/sec)
2026-08-31 08:41:35.975 +02:00 [INF] Processing batch of 5 messages (trigger: size)
2026-08-31 08:41:35.984 +02:00 [DBG] Committed offset: 309
2026-08-31 10:19:23.296 +02:00 [INF] Starting Kafka consumer for topic: poc-fraud-dev with batch processing
2026-08-31 10:19:23.550 +02:00 [INF] Now listening on: http://localhost:5237
2026-08-31 10:19:23.654 +02:00 [INF] Application started. Press Ctrl+C to shut down.
2026-08-31 10:19:23.660 +02:00 [INF] Hosting environment: LOC
2026-08-31 10:19:23.662 +02:00 [INF] Content root path: C:\Development\Therron\training\src\fraud_poc_project_ui
2026-08-31 10:19:27.516 +02:00 [INF] Partitions assigned: poc-fraud-dev [[0]]
2026-08-31 10:19:47.258 +02:00 [INF] FraudKafkaProducer initialized for application: fraud_poc
2026-08-31 10:19:48.337 +02:00 [DBG] Successfully produced message to topic: poc-fraud-dev, partition: 0, offset: 310, correlationId: "19cd3f89-a78b-49d4-9685-7ca3cf5c6415"
2026-08-31 10:19:48.371 +02:00 [DBG] Successfully produced message to topic: poc-fraud-dev, partition: 0, offset: 311, correlationId: "0af56897-bf4b-415d-994f-15eb1c093316"
2026-08-31 10:19:48.402 +02:00 [DBG] Successfully produced message to topic: poc-fraud-dev, partition: 0, offset: 312, correlationId: "efa7e844-7e5d-42b5-bd8d-3a01fafd2093"
2026-08-31 10:19:48.440 +02:00 [DBG] Successfully produced message to topic: poc-fraud-dev, partition: 0, offset: 313, correlationId: "df39940a-641f-4c07-b76b-adbc2e85f91e"
2026-08-31 10:19:48.465 +02:00 [DBG] Successfully produced message to topic: poc-fraud-dev, partition: 0, offset: 314, correlationId: "2b268065-1fe7-4198-85a7-44ac324c13e3"
2026-08-31 10:19:48.492 +02:00 [DBG] Successfully produced message to topic: poc-fraud-dev, partition: 0, offset: 315, correlationId: "0485a4e3-08fe-4109-9a25-f1f663030928"
2026-08-31 10:19:48.524 +02:00 [DBG] Successfully produced message to topic: poc-fraud-dev, partition: 0, offset: 316, correlationId: "364b2acc-0bfc-4e72-92ad-980687d45a96"
2026-08-31 10:19:48.556 +02:00 [DBG] Successfully produced message to topic: poc-fraud-dev, partition: 0, offset: 317, correlationId: "260c40d6-03ac-40c3-b223-94ea2e451c79"
2026-08-31 10:19:48.586 +02:00 [DBG] Successfully produced message to topic: poc-fraud-dev, partition: 0, offset: 318, correlationId: "2a844958-7a90-4a11-8895-da402de70117"
2026-08-31 10:19:48.645 +02:00 [DBG] Successfully produced message to topic: poc-fraud-dev, partition: 0, offset: 319, correlationId: "b69dbbcd-856d-4b64-be32-56bf7a18463b"
2026-08-31 10:19:48.680 +02:00 [DBG] Successfully produced message to topic: poc-fraud-dev, partition: 0, offset: 320, correlationId: "d352b494-8140-4964-af0f-a8761ebccf9d"
2026-08-31 10:19:48.716 +02:00 [DBG] Successfully produced message to topic: poc-fraud-dev, partition: 0, offset: 321, correlationId: "bead623b-18c5-4cba-a0a1-bf6bad661c2c"
2026-08-31 10:19:48.744 +02:00 [DBG] Successfully produced message to topic: poc-fraud-dev, partition: 0, offset: 322, correlationId: "287ed46c-b873-47cd-af46-4c2d352712ba"
2026-08-31 10:19:48.773 +02:00 [DBG] Successfully produced message to topic: poc-fraud-dev, partition: 0, offset: 323, correlationId: "158a3311-1243-4dca-8709-3277078413f6"
2026-08-31 10:19:48.804 +02:00 [DBG] Successfully produced message to topic: poc-fraud-dev, partition: 0, offset: 324, correlationId: "eb440df3-b9d9-4814-a42e-57c7aa1bb1be"
2026-08-31 10:19:48.835 +02:00 [DBG] Successfully produced message to topic: poc-fraud-dev, partition: 0, offset: 325, correlationId: "54678dd7-5659-49fb-9e29-b2af2dfbfbcc"
2026-08-31 10:19:48.865 +02:00 [DBG] Successfully produced message to topic: poc-fraud-dev, partition: 0, offset: 326, correlationId: "db935071-101e-4415-b1b0-b498f6092379"
2026-08-31 10:19:48.897 +02:00 [DBG] Successfully produced message to topic: poc-fraud-dev, partition: 0, offset: 327, correlationId: "d21302cf-b8ca-4f36-82be-bc72b3cc6898"
2026-08-31 10:19:48.926 +02:00 [DBG] Successfully produced message to topic: poc-fraud-dev, partition: 0, offset: 328, correlationId: "5b19d9c4-1922-45ce-b697-660c4367abe2"
2026-08-31 10:19:48.926 +02:00 [DBG] Resilience pipeline executing. Source: 'exception/(null)', Operation Key: 'null'
2026-08-31 10:19:48.957 +02:00 [DBG] Successfully produced message to topic: poc-fraud-dev, partition: 0, offset: 329, correlationId: "8c1ca166-2a48-4a95-8df8-564c9787c002"
2026-08-31 10:19:48.977 +02:00 [DBG] Successfully produced message to topic: poc-fraud-dev, partition: 0, offset: 330, correlationId: "23d65de0-e75d-40f0-852e-903606371c81"
2026-08-31 10:19:48.998 +02:00 [DBG] Successfully produced message to topic: poc-fraud-dev, partition: 0, offset: 331, correlationId: "0bb1736b-35dc-4bd2-9b3a-04296f71020b"
2026-08-31 10:19:49.036 +02:00 [DBG] Successfully produced message to topic: poc-fraud-dev, partition: 0, offset: 332, correlationId: "805d2480-b7c3-476e-a5a3-d4bfdc728b9e"
2026-08-31 10:19:49.065 +02:00 [DBG] Successfully produced message to topic: poc-fraud-dev, partition: 0, offset: 333, correlationId: "8d2dc6e8-f322-4828-ad88-a6293ec91d75"
2026-08-31 10:19:49.096 +02:00 [DBG] Successfully produced message to topic: poc-fraud-dev, partition: 0, offset: 334, correlationId: "b945e96f-a9e5-4e1a-8a80-9e871cecedef"
2026-08-31 10:19:49.127 +02:00 [DBG] Successfully produced message to topic: poc-fraud-dev, partition: 0, offset: 335, correlationId: "6f968e39-bb90-417c-a4f1-e4c5d9c6c95e"
2026-08-31 10:19:49.158 +02:00 [DBG] Successfully produced message to topic: poc-fraud-dev, partition: 0, offset: 336, correlationId: "442f3b14-8485-4780-ac06-2f8894813ffc"
2026-08-31 10:19:49.188 +02:00 [DBG] Successfully produced message to topic: poc-fraud-dev, partition: 0, offset: 337, correlationId: "eb0e9208-5f5e-4743-a33a-e5ae8743437d"
2026-08-31 10:19:49.212 +02:00 [DBG] Successfully produced message to topic: poc-fraud-dev, partition: 0, offset: 338, correlationId: "5b2408b4-336b-46db-bb93-e1e40fdfd5ea"
2026-08-31 10:19:49.236 +02:00 [DBG] Successfully produced message to topic: poc-fraud-dev, partition: 0, offset: 339, correlationId: "31c40ac2-026c-4d86-8957-b2a24e8c9331"
2026-08-31 10:19:49.265 +02:00 [DBG] Successfully produced message to topic: poc-fraud-dev, partition: 0, offset: 340, correlationId: "4bbb6660-36ef-439a-be49-6a64bb9ca630"
2026-08-31 10:19:49.296 +02:00 [DBG] Successfully produced message to topic: poc-fraud-dev, partition: 0, offset: 341, correlationId: "f6344c46-ff0f-4ea7-8a5f-59c7a31773ab"
2026-08-31 10:19:49.326 +02:00 [DBG] Successfully produced message to topic: poc-fraud-dev, partition: 0, offset: 342, correlationId: "0a8e8bf8-bc9f-4f7f-8f3f-24d881688ba1"
2026-08-31 10:19:49.358 +02:00 [DBG] Successfully produced message to topic: poc-fraud-dev, partition: 0, offset: 343, correlationId: "7ebc3b4f-171a-4f5e-a29f-99abd3d23b67"
2026-08-31 10:19:49.378 +02:00 [DBG] Successfully produced message to topic: poc-fraud-dev, partition: 0, offset: 344, correlationId: "9bd56a11-95b5-4ea3-b4dc-e55332bd632a"
2026-08-31 10:19:49.404 +02:00 [DBG] Successfully produced message to topic: poc-fraud-dev, partition: 0, offset: 345, correlationId: "8aec7f02-42f6-4963-bb75-ec445aaccf95"
2026-08-31 10:19:49.428 +02:00 [DBG] Successfully produced message to topic: poc-fraud-dev, partition: 0, offset: 346, correlationId: "ca84e656-23a4-4f65-acd0-aede402f3b8a"
2026-08-31 10:19:49.436 +02:00 [INF] Load simulation completed: 37 produced, 0 failed out of 37 requested.
2026-08-31 10:19:49.462 +02:00 [INF] Execution attempt. Source: 'exception/(null)/Retry', Operation Key: 'null', Result: 'void', Handled: 'false', Attempt: '0', Execution Time: 504.3317ms
2026-08-31 10:19:49.480 +02:00 [DBG] Resilience pipeline executed. Source: 'exception/(null)', Operation Key: 'null', Result: 'void', Execution Time: 556.6912ms
2026-08-31 10:19:49.487 +02:00 [INF] Processed transaction dd78ad5f-d09b-4c5e-b565-cee4a1daf811: flagged=false, score=25
2026-08-31 10:19:49.492 +02:00 [INF] Transaction data FraudEventRecord { Event = TransactionEvent { PublishedAt = 31/08/2026 08:19:47 AM, Version = 1.0, CorrelationId = 19cd3f89-a78b-49d4-9685-7ca3cf5c6415, Id = 0, KafkaTopic = poc-fraud-dev, TransactionId = dd78ad5f-d09b-4c5e-b565-cee4a1daf811, CustomerId = CUST-0025, AccountId = ACC-00454, Amount = 3334.33, Currency = ZAR, MerchantName = Merchant-62, MerchantCategory = crypto, TransactionType = EFT, Channel = ATM, CountryCode = ZA, TransactionTime = 31/08/2026 08:19:47 AM }, RuleResults = System.Collections.Generic.List`1[fraud_poc_project_buss.Models.Fraud.FraudRuleSetRecord], IsFlagged = False, FraudScore = 25, FlaggedReason =  }: 
2026-08-31 10:19:49.499 +02:00 [INF] Successfully processed batch of 1 messages in 1078.0464ms (0.93 msg/sec)
2026-08-31 10:19:49.504 +02:00 [INF] Processing batch of 1 messages (trigger: timeout)
2026-08-31 10:19:49.524 +02:00 [DBG] Committed offset: 310
2026-08-31 10:19:49.534 +02:00 [DBG] Resilience pipeline executing. Source: 'exception/(null)', Operation Key: 'null'
2026-08-31 10:19:49.551 +02:00 [INF] Execution attempt. Source: 'exception/(null)/Retry', Operation Key: 'null', Result: 'void', Handled: 'false', Attempt: '0', Execution Time: 14.5132ms
2026-08-31 10:19:49.557 +02:00 [DBG] Resilience pipeline executed. Source: 'exception/(null)', Operation Key: 'null', Result: 'void', Execution Time: 23.3827ms
2026-08-31 10:19:49.560 +02:00 [INF] Processed transaction 6915e3b4-0043-4edc-b27c-a7a7ac084a4b: flagged=false, score=25
2026-08-31 10:19:49.562 +02:00 [INF] Transaction data FraudEventRecord { Event = TransactionEvent { PublishedAt = 31/08/2026 08:19:48 AM, Version = 1.0, CorrelationId = 0af56897-bf4b-415d-994f-15eb1c093316, Id = 0, KafkaTopic = poc-fraud-dev, TransactionId = 6915e3b4-0043-4edc-b27c-a7a7ac084a4b, CustomerId = CUST-0116, AccountId = ACC-00446, Amount = 4638.11, Currency = ZAR, MerchantName = Merchant-48, MerchantCategory = crypto, TransactionType = EFT, Channel = Mobile, CountryCode = ZA, TransactionTime = 31/08/2026 08:19:48 AM }, RuleResults = System.Collections.Generic.List`1[fraud_poc_project_buss.Models.Fraud.FraudRuleSetRecord], IsFlagged = False, FraudScore = 25, FlaggedReason =  }: 
2026-08-31 10:19:49.564 +02:00 [DBG] Resilience pipeline executing. Source: 'exception/(null)', Operation Key: 'null'
2026-08-31 10:19:49.577 +02:00 [INF] Execution attempt. Source: 'exception/(null)/Retry', Operation Key: 'null', Result: 'void', Handled: 'false', Attempt: '0', Execution Time: 12.2417ms
2026-08-31 10:19:49.581 +02:00 [DBG] Resilience pipeline executed. Source: 'exception/(null)', Operation Key: 'null', Result: 'void', Execution Time: 16.8135ms
2026-08-31 10:19:49.587 +02:00 [INF] Processed transaction 1e7f35fd-64a7-476d-a46c-4bb5289d41da: flagged=true, score=60
2026-08-31 10:19:49.589 +02:00 [INF] Transaction data FraudEventRecord { Event = TransactionEvent { PublishedAt = 31/08/2026 08:19:48 AM, Version = 1.0, CorrelationId = efa7e844-7e5d-42b5-bd8d-3a01fafd2093, Id = 0, KafkaTopic = poc-fraud-dev, TransactionId = 1e7f35fd-64a7-476d-a46c-4bb5289d41da, CustomerId = CUST-0008, AccountId = ACC-00331, Amount = 888.61, Currency = ZAR, MerchantName = Merchant-93, MerchantCategory = money_transfer, TransactionType = ATM, Channel = Online, CountryCode = CN, TransactionTime = 31/08/2026 08:19:48 AM }, RuleResults = System.Collections.Generic.List`1[fraud_poc_project_buss.Models.Fraud.FraudRuleSetRecord], IsFlagged = True, FraudScore = 60, FlaggedReason = FOREIGN_CNP, HIGH_RISK_MERCHANT }: 
2026-08-31 10:19:49.592 +02:00 [DBG] Resilience pipeline executing. Source: 'exception/(null)', Operation Key: 'null'
2026-08-31 10:19:49.605 +02:00 [INF] Execution attempt. Source: 'exception/(null)/Retry', Operation Key: 'null', Result: 'void', Handled: 'false', Attempt: '0', Execution Time: 11.4648ms
2026-08-31 10:19:49.610 +02:00 [DBG] Resilience pipeline executed. Source: 'exception/(null)', Operation Key: 'null', Result: 'void', Execution Time: 18.4837ms
2026-08-31 10:19:49.616 +02:00 [INF] Processed transaction b9b83d4a-df80-4d70-9ebb-15caea6df7ca: flagged=false, score=0
2026-08-31 10:19:49.619 +02:00 [INF] Transaction data FraudEventRecord { Event = TransactionEvent { PublishedAt = 31/08/2026 08:19:48 AM, Version = 1.0, CorrelationId = df39940a-641f-4c07-b76b-adbc2e85f91e, Id = 0, KafkaTopic = poc-fraud-dev, TransactionId = b9b83d4a-df80-4d70-9ebb-15caea6df7ca, CustomerId = CUST-0154, AccountId = ACC-00062, Amount = 2120.29, Currency = ZAR, MerchantName = Merchant-3, MerchantCategory = retail, TransactionType = EFT, Channel = Branch, CountryCode = ZA, TransactionTime = 31/08/2026 08:19:48 AM }, RuleResults = System.Collections.Generic.List`1[fraud_poc_project_buss.Models.Fraud.FraudRuleSetRecord], IsFlagged = False, FraudScore = 0, FlaggedReason =  }: 
2026-08-31 10:19:49.622 +02:00 [DBG] Resilience pipeline executing. Source: 'exception/(null)', Operation Key: 'null'
2026-08-31 10:19:49.637 +02:00 [INF] Execution attempt. Source: 'exception/(null)/Retry', Operation Key: 'null', Result: 'void', Handled: 'false', Attempt: '0', Execution Time: 11.621ms
2026-08-31 10:19:49.642 +02:00 [DBG] Resilience pipeline executed. Source: 'exception/(null)', Operation Key: 'null', Result: 'void', Execution Time: 19.4083ms
2026-08-31 10:19:49.644 +02:00 [INF] Processed transaction 5ab4eabd-0110-4307-848a-c2e523cb8ca0: flagged=false, score=0
2026-08-31 10:19:49.650 +02:00 [INF] Transaction data FraudEventRecord { Event = TransactionEvent { PublishedAt = 31/08/2026 08:19:48 AM, Version = 1.0, CorrelationId = 2b268065-1fe7-4198-85a7-44ac324c13e3, Id = 0, KafkaTopic = poc-fraud-dev, TransactionId = 5ab4eabd-0110-4307-848a-c2e523cb8ca0, CustomerId = CUST-0144, AccountId = ACC-00494, Amount = 1601.66, Currency = ZAR, MerchantName = Merchant-62, MerchantCategory = retail, TransactionType = POS, Channel = Mobile, CountryCode = ZA, TransactionTime = 31/08/2026 08:19:48 AM }, RuleResults = System.Collections.Generic.List`1[fraud_poc_project_buss.Models.Fraud.FraudRuleSetRecord], IsFlagged = False, FraudScore = 0, FlaggedReason =  }: 
2026-08-31 10:19:49.653 +02:00 [DBG] Resilience pipeline executing. Source: 'exception/(null)', Operation Key: 'null'
2026-08-31 10:19:49.667 +02:00 [INF] Execution attempt. Source: 'exception/(null)/Retry', Operation Key: 'null', Result: 'void', Handled: 'false', Attempt: '0', Execution Time: 12.0337ms
2026-08-31 10:19:49.671 +02:00 [DBG] Resilience pipeline executed. Source: 'exception/(null)', Operation Key: 'null', Result: 'void', Execution Time: 18.4553ms
2026-08-31 10:19:49.675 +02:00 [INF] Processed transaction 8996a990-f47b-4a83-8bd3-1a52ee3b9cfb: flagged=false, score=0
2026-08-31 10:19:49.681 +02:00 [INF] Transaction data FraudEventRecord { Event = TransactionEvent { PublishedAt = 31/08/2026 08:19:48 AM, Version = 1.0, CorrelationId = 0485a4e3-08fe-4109-9a25-f1f663030928, Id = 0, KafkaTopic = poc-fraud-dev, TransactionId = 8996a990-f47b-4a83-8bd3-1a52ee3b9cfb, CustomerId = CUST-0190, AccountId = ACC-00135, Amount = 163.96, Currency = ZAR, MerchantName = Merchant-23, MerchantCategory = retail, TransactionType = EFT, Channel = Branch, CountryCode = ZA, TransactionTime = 31/08/2026 08:19:48 AM }, RuleResults = System.Collections.Generic.List`1[fraud_poc_project_buss.Models.Fraud.FraudRuleSetRecord], IsFlagged = False, FraudScore = 0, FlaggedReason =  }: 
2026-08-31 10:19:49.683 +02:00 [INF] Successfully processed batch of 5 messages in 153.3844ms (32.6 msg/sec)
2026-08-31 10:19:49.686 +02:00 [INF] Processing batch of 5 messages (trigger: size)
2026-08-31 10:19:49.695 +02:00 [DBG] Committed offset: 315
2026-08-31 10:19:49.701 +02:00 [DBG] Resilience pipeline executing. Source: 'exception/(null)', Operation Key: 'null'
2026-08-31 10:19:49.716 +02:00 [INF] Execution attempt. Source: 'exception/(null)/Retry', Operation Key: 'null', Result: 'void', Handled: 'false', Attempt: '0', Execution Time: 12.2925ms
2026-08-31 10:19:49.720 +02:00 [DBG] Resilience pipeline executed. Source: 'exception/(null)', Operation Key: 'null', Result: 'void', Execution Time: 19.7862ms
2026-08-31 10:19:49.728 +02:00 [INF] Processed transaction ab67c10d-93eb-4c39-9b87-4e605138993d: flagged=false, score=0
2026-08-31 10:19:49.732 +02:00 [INF] Transaction data FraudEventRecord { Event = TransactionEvent { PublishedAt = 31/08/2026 08:19:48 AM, Version = 1.0, CorrelationId = 364b2acc-0bfc-4e72-92ad-980687d45a96, Id = 0, KafkaTopic = poc-fraud-dev, TransactionId = ab67c10d-93eb-4c39-9b87-4e605138993d, CustomerId = CUST-0022, AccountId = ACC-00020, Amount = 3836.27, Currency = ZAR, MerchantName = Merchant-86, MerchantCategory = retail, TransactionType = EFT, Channel = ATM, CountryCode = ZA, TransactionTime = 31/08/2026 08:19:48 AM }, RuleResults = System.Collections.Generic.List`1[fraud_poc_project_buss.Models.Fraud.FraudRuleSetRecord], IsFlagged = False, FraudScore = 0, FlaggedReason =  }: 
2026-08-31 10:19:49.734 +02:00 [DBG] Resilience pipeline executing. Source: 'exception/(null)', Operation Key: 'null'
2026-08-31 10:19:49.749 +02:00 [INF] Execution attempt. Source: 'exception/(null)/Retry', Operation Key: 'null', Result: 'void', Handled: 'false', Attempt: '0', Execution Time: 12.7639ms
2026-08-31 10:19:49.753 +02:00 [DBG] Resilience pipeline executed. Source: 'exception/(null)', Operation Key: 'null', Result: 'void', Execution Time: 18.7124ms
2026-08-31 10:19:49.759 +02:00 [INF] Processed transaction ba1dba5b-a598-472f-9149-c67212adcaa2: flagged=false, score=0
2026-08-31 10:19:49.762 +02:00 [INF] Transaction data FraudEventRecord { Event = TransactionEvent { PublishedAt = 31/08/2026 08:19:48 AM, Version = 1.0, CorrelationId = 260c40d6-03ac-40c3-b223-94ea2e451c79, Id = 0, KafkaTopic = poc-fraud-dev, TransactionId = ba1dba5b-a598-472f-9149-c67212adcaa2, CustomerId = CUST-0040, AccountId = ACC-00233, Amount = 4613.69, Currency = ZAR, MerchantName = Merchant-92, MerchantCategory = retail, TransactionType = CNP, Channel = Mobile, CountryCode = ZA, TransactionTime = 31/08/2026 08:19:48 AM }, RuleResults = System.Collections.Generic.List`1[fraud_poc_project_buss.Models.Fraud.FraudRuleSetRecord], IsFlagged = False, FraudScore = 0, FlaggedReason =  }: 
2026-08-31 10:19:49.764 +02:00 [DBG] Resilience pipeline executing. Source: 'exception/(null)', Operation Key: 'null'
2026-08-31 10:19:49.779 +02:00 [INF] Execution attempt. Source: 'exception/(null)/Retry', Operation Key: 'null', Result: 'void', Handled: 'false', Attempt: '0', Execution Time: 12.9381ms
2026-08-31 10:19:49.786 +02:00 [DBG] Resilience pipeline executed. Source: 'exception/(null)', Operation Key: 'null', Result: 'void', Execution Time: 22.6931ms
2026-08-31 10:19:49.789 +02:00 [INF] Processed transaction e513bd8f-259e-473b-aa60-0be048443c97: flagged=true, score=65
2026-08-31 10:19:49.791 +02:00 [INF] Transaction data FraudEventRecord { Event = TransactionEvent { PublishedAt = 31/08/2026 08:19:48 AM, Version = 1.0, CorrelationId = 2a844958-7a90-4a11-8895-da402de70117, Id = 0, KafkaTopic = poc-fraud-dev, TransactionId = e513bd8f-259e-473b-aa60-0be048443c97, CustomerId = CUST-0170, AccountId = ACC-00480, Amount = 15000, Currency = ZAR, MerchantName = Merchant-69, MerchantCategory = crypto, TransactionType = ATM, Channel = ATM, CountryCode = GB, TransactionTime = 31/08/2026 08:19:48 AM }, RuleResults = System.Collections.Generic.List`1[fraud_poc_project_buss.Models.Fraud.FraudRuleSetRecord], IsFlagged = True, FraudScore = 65, FlaggedReason = ATM_WITHDRAWAL_LIMIT, HIGH_RISK_MERCHANT, ROUND_AMOUNT }: 
2026-08-31 10:19:49.793 +02:00 [DBG] Resilience pipeline executing. Source: 'exception/(null)', Operation Key: 'null'
2026-08-31 10:19:49.808 +02:00 [INF] Execution attempt. Source: 'exception/(null)/Retry', Operation Key: 'null', Result: 'void', Handled: 'false', Attempt: '0', Execution Time: 13.2191ms
2026-08-31 10:19:49.816 +02:00 [DBG] Resilience pipeline executed. Source: 'exception/(null)', Operation Key: 'null', Result: 'void', Execution Time: 23.6425ms
2026-08-31 10:19:49.820 +02:00 [INF] Processed transaction ba5cfbb7-a440-4d45-a2cb-d09345d65683: flagged=false, score=25
2026-08-31 10:19:49.823 +02:00 [INF] Transaction data FraudEventRecord { Event = TransactionEvent { PublishedAt = 31/08/2026 08:19:48 AM, Version = 1.0, CorrelationId = b69dbbcd-856d-4b64-be32-56bf7a18463b, Id = 0, KafkaTopic = poc-fraud-dev, TransactionId = ba5cfbb7-a440-4d45-a2cb-d09345d65683, CustomerId = CUST-0142, AccountId = ACC-00173, Amount = 1677.53, Currency = ZAR, MerchantName = Merchant-22, MerchantCategory = money_transfer, TransactionType = CNP, Channel = Mobile, CountryCode = ZA, TransactionTime = 31/08/2026 08:19:48 AM }, RuleResults = System.Collections.Generic.List`1[fraud_poc_project_buss.Models.Fraud.FraudRuleSetRecord], IsFlagged = False, FraudScore = 25, FlaggedReason =  }: 
2026-08-31 10:19:49.826 +02:00 [DBG] Resilience pipeline executing. Source: 'exception/(null)', Operation Key: 'null'
2026-08-31 10:19:49.841 +02:00 [INF] Execution attempt. Source: 'exception/(null)/Retry', Operation Key: 'null', Result: 'void', Handled: 'false', Attempt: '0', Execution Time: 12.6624ms
2026-08-31 10:19:49.849 +02:00 [DBG] Resilience pipeline executed. Source: 'exception/(null)', Operation Key: 'null', Result: 'void', Execution Time: 22.754ms
2026-08-31 10:19:49.853 +02:00 [INF] Processed transaction 5e20a90a-da4f-4e52-b1df-34cfb0edaa22: flagged=false, score=0
2026-08-31 10:19:49.855 +02:00 [INF] Transaction data FraudEventRecord { Event = TransactionEvent { PublishedAt = 31/08/2026 08:19:48 AM, Version = 1.0, CorrelationId = d352b494-8140-4964-af0f-a8761ebccf9d, Id = 0, KafkaTopic = poc-fraud-dev, TransactionId = 5e20a90a-da4f-4e52-b1df-34cfb0edaa22, CustomerId = CUST-0187, AccountId = ACC-00238, Amount = 1581.10, Currency = ZAR, MerchantName = Merchant-60, MerchantCategory = fuel, TransactionType = ATM, Channel = Online, CountryCode = ZA, TransactionTime = 31/08/2026 08:19:48 AM }, RuleResults = System.Collections.Generic.List`1[fraud_poc_project_buss.Models.Fraud.FraudRuleSetRecord], IsFlagged = False, FraudScore = 0, FlaggedReason =  }: 
2026-08-31 10:19:49.857 +02:00 [INF] Successfully processed batch of 5 messages in 160.0072ms (31.25 msg/sec)
2026-08-31 10:19:49.860 +02:00 [INF] Processing batch of 5 messages (trigger: size)
2026-08-31 10:19:49.872 +02:00 [DBG] Committed offset: 320
2026-08-31 10:19:49.875 +02:00 [DBG] Resilience pipeline executing. Source: 'exception/(null)', Operation Key: 'null'
2026-08-31 10:19:49.891 +02:00 [INF] Execution attempt. Source: 'exception/(null)/Retry', Operation Key: 'null', Result: 'void', Handled: 'false', Attempt: '0', Execution Time: 10.7677ms
2026-08-31 10:19:49.897 +02:00 [DBG] Resilience pipeline executed. Source: 'exception/(null)', Operation Key: 'null', Result: 'void', Execution Time: 21.9063ms
2026-08-31 10:19:49.900 +02:00 [INF] Processed transaction 3de3c9df-60a9-49b7-ad6b-6bceeea90f5f: flagged=true, score=100
2026-08-31 10:19:49.903 +02:00 [INF] Transaction data FraudEventRecord { Event = TransactionEvent { PublishedAt = 31/08/2026 08:19:48 AM, Version = 1.0, CorrelationId = bead623b-18c5-4cba-a0a1-bf6bad661c2c, Id = 0, KafkaTopic = poc-fraud-dev, TransactionId = 3de3c9df-60a9-49b7-ad6b-6bceeea90f5f, CustomerId = CUST-0113, AccountId = ACC-00168, Amount = 60000, Currency = ZAR, MerchantName = Merchant-16, MerchantCategory = gambling, TransactionType = CNP, Channel = Online, CountryCode = US, TransactionTime = 31/08/2026 08:19:48 AM }, RuleResults = System.Collections.Generic.List`1[fraud_poc_project_buss.Models.Fraud.FraudRuleSetRecord], IsFlagged = True, FraudScore = 100, FlaggedReason = HIGH_AMOUNT, FOREIGN_CNP, HIGH_RISK_MERCHANT, ROUND_AMOUNT }: 
2026-08-31 10:19:49.905 +02:00 [DBG] Resilience pipeline executing. Source: 'exception/(null)', Operation Key: 'null'
2026-08-31 10:19:49.922 +02:00 [INF] Execution attempt. Source: 'exception/(null)/Retry', Operation Key: 'null', Result: 'void', Handled: 'false', Attempt: '0', Execution Time: 15.5314ms
2026-08-31 10:19:49.929 +02:00 [DBG] Resilience pipeline executed. Source: 'exception/(null)', Operation Key: 'null', Result: 'void', Execution Time: 24.6011ms
2026-08-31 10:19:49.933 +02:00 [INF] Processed transaction 55175b29-512b-4c0f-8749-adc556aec33f: flagged=false, score=25
2026-08-31 10:19:49.936 +02:00 [INF] Transaction data FraudEventRecord { Event = TransactionEvent { PublishedAt = 31/08/2026 08:19:48 AM, Version = 1.0, CorrelationId = 287ed46c-b873-47cd-af46-4c2d352712ba, Id = 0, KafkaTopic = poc-fraud-dev, TransactionId = 55175b29-512b-4c0f-8749-adc556aec33f, CustomerId = CUST-0110, AccountId = ACC-00054, Amount = 3678.77, Currency = ZAR, MerchantName = Merchant-74, MerchantCategory = money_transfer, TransactionType = POS, Channel = ATM, CountryCode = US, TransactionTime = 31/08/2026 08:19:48 AM }, RuleResults = System.Collections.Generic.List`1[fraud_poc_project_buss.Models.Fraud.FraudRuleSetRecord], IsFlagged = False, FraudScore = 25, FlaggedReason =  }: 
2026-08-31 10:19:49.942 +02:00 [DBG] Resilience pipeline executing. Source: 'exception/(null)', Operation Key: 'null'
2026-08-31 10:19:49.962 +02:00 [INF] Execution attempt. Source: 'exception/(null)/Retry', Operation Key: 'null', Result: 'void', Handled: 'false', Attempt: '0', Execution Time: 16.8029ms
2026-08-31 10:19:49.968 +02:00 [DBG] Resilience pipeline executed. Source: 'exception/(null)', Operation Key: 'null', Result: 'void', Execution Time: 25.6181ms
2026-08-31 10:19:49.976 +02:00 [INF] Processed transaction d4ffc164-ee59-4bdb-be64-8ca3c9a1c89e: flagged=false, score=0
2026-08-31 10:19:49.979 +02:00 [INF] Transaction data FraudEventRecord { Event = TransactionEvent { PublishedAt = 31/08/2026 08:19:48 AM, Version = 1.0, CorrelationId = 158a3311-1243-4dca-8709-3277078413f6, Id = 0, KafkaTopic = poc-fraud-dev, TransactionId = d4ffc164-ee59-4bdb-be64-8ca3c9a1c89e, CustomerId = CUST-0063, AccountId = ACC-00076, Amount = 2248.91, Currency = ZAR, MerchantName = Merchant-84, MerchantCategory = travel, TransactionType = CNP, Channel = Online, CountryCode = ZA, TransactionTime = 31/08/2026 08:19:48 AM }, RuleResults = System.Collections.Generic.List`1[fraud_poc_project_buss.Models.Fraud.FraudRuleSetRecord], IsFlagged = False, FraudScore = 0, FlaggedReason =  }: 
2026-08-31 10:19:49.982 +02:00 [DBG] Resilience pipeline executing. Source: 'exception/(null)', Operation Key: 'null'
2026-08-31 10:19:50.000 +02:00 [INF] Execution attempt. Source: 'exception/(null)/Retry', Operation Key: 'null', Result: 'void', Handled: 'false', Attempt: '0', Execution Time: 11.5298ms
2026-08-31 10:19:50.004 +02:00 [DBG] Resilience pipeline executed. Source: 'exception/(null)', Operation Key: 'null', Result: 'void', Execution Time: 22.6216ms
2026-08-31 10:19:50.007 +02:00 [INF] Processed transaction 38f02d60-9176-4ac4-b5d9-f643e2517b12: flagged=false, score=35
2026-08-31 10:19:50.009 +02:00 [INF] Transaction data FraudEventRecord { Event = TransactionEvent { PublishedAt = 31/08/2026 08:19:48 AM, Version = 1.0, CorrelationId = eb440df3-b9d9-4814-a42e-57c7aa1bb1be, Id = 0, KafkaTopic = poc-fraud-dev, TransactionId = 38f02d60-9176-4ac4-b5d9-f643e2517b12, CustomerId = CUST-0132, AccountId = ACC-00471, Amount = 1429.52, Currency = ZAR, MerchantName = Merchant-33, MerchantCategory = retail, TransactionType = CNP, Channel = ATM, CountryCode = US, TransactionTime = 31/08/2026 08:19:48 AM }, RuleResults = System.Collections.Generic.List`1[fraud_poc_project_buss.Models.Fraud.FraudRuleSetRecord], IsFlagged = False, FraudScore = 35, FlaggedReason =  }: 
2026-08-31 10:19:50.011 +02:00 [DBG] Resilience pipeline executing. Source: 'exception/(null)', Operation Key: 'null'
2026-08-31 10:19:50.023 +02:00 [INF] Execution attempt. Source: 'exception/(null)/Retry', Operation Key: 'null', Result: 'void', Handled: 'false', Attempt: '0', Execution Time: 10.477ms
2026-08-31 10:19:50.027 +02:00 [DBG] Resilience pipeline executed. Source: 'exception/(null)', Operation Key: 'null', Result: 'void', Execution Time: 15.6422ms
2026-08-31 10:19:50.032 +02:00 [INF] Processed transaction 398fcef8-d0e9-49ca-9cab-a6304a166b9e: flagged=false, score=0
2026-08-31 10:19:50.035 +02:00 [INF] Transaction data FraudEventRecord { Event = TransactionEvent { PublishedAt = 31/08/2026 08:19:48 AM, Version = 1.0, CorrelationId = 54678dd7-5659-49fb-9e29-b2af2dfbfbcc, Id = 0, KafkaTopic = poc-fraud-dev, TransactionId = 398fcef8-d0e9-49ca-9cab-a6304a166b9e, CustomerId = CUST-0104, AccountId = ACC-00381, Amount = 1866.82, Currency = ZAR, MerchantName = Merchant-53, MerchantCategory = fuel, TransactionType = POS, Channel = ATM, CountryCode = ZA, TransactionTime = 31/08/2026 08:19:48 AM }, RuleResults = System.Collections.Generic.List`1[fraud_poc_project_buss.Models.Fraud.FraudRuleSetRecord], IsFlagged = False, FraudScore = 0, FlaggedReason =  }: 
2026-08-31 10:19:50.037 +02:00 [INF] Successfully processed batch of 5 messages in 163.2038ms (30.64 msg/sec)
2026-08-31 10:19:50.040 +02:00 [INF] Processing batch of 5 messages (trigger: size)
2026-08-31 10:19:50.047 +02:00 [DBG] Committed offset: 325
2026-08-31 10:19:50.050 +02:00 [DBG] Resilience pipeline executing. Source: 'exception/(null)', Operation Key: 'null'
2026-08-31 10:19:50.066 +02:00 [INF] Execution attempt. Source: 'exception/(null)/Retry', Operation Key: 'null', Result: 'void', Handled: 'false', Attempt: '0', Execution Time: 12.1576ms
2026-08-31 10:19:50.072 +02:00 [DBG] Resilience pipeline executed. Source: 'exception/(null)', Operation Key: 'null', Result: 'void', Execution Time: 21.1546ms
2026-08-31 10:19:50.078 +02:00 [INF] Processed transaction b0241cbb-198c-429d-a407-a9d5450a4d2b: flagged=false, score=25
2026-08-31 10:19:50.081 +02:00 [INF] Transaction data FraudEventRecord { Event = TransactionEvent { PublishedAt = 31/08/2026 08:19:48 AM, Version = 1.0, CorrelationId = db935071-101e-4415-b1b0-b498f6092379, Id = 0, KafkaTopic = poc-fraud-dev, TransactionId = b0241cbb-198c-429d-a407-a9d5450a4d2b, CustomerId = CUST-0085, AccountId = ACC-00360, Amount = 4063.60, Currency = ZAR, MerchantName = Merchant-91, MerchantCategory = crypto, TransactionType = EFT, Channel = Branch, CountryCode = ZA, TransactionTime = 31/08/2026 08:19:48 AM }, RuleResults = System.Collections.Generic.List`1[fraud_poc_project_buss.Models.Fraud.FraudRuleSetRecord], IsFlagged = False, FraudScore = 25, FlaggedReason =  }: 
2026-08-31 10:19:50.083 +02:00 [DBG] Resilience pipeline executing. Source: 'exception/(null)', Operation Key: 'null'
2026-08-31 10:19:50.096 +02:00 [INF] Execution attempt. Source: 'exception/(null)/Retry', Operation Key: 'null', Result: 'void', Handled: 'false', Attempt: '0', Execution Time: 10.518ms
2026-08-31 10:19:50.100 +02:00 [DBG] Resilience pipeline executed. Source: 'exception/(null)', Operation Key: 'null', Result: 'void', Execution Time: 16.8219ms
2026-08-31 10:19:50.103 +02:00 [INF] Processed transaction 36780a27-eab6-436c-8d8f-a8c6274f223f: flagged=false, score=25
2026-08-31 10:19:50.105 +02:00 [INF] Transaction data FraudEventRecord { Event = TransactionEvent { PublishedAt = 31/08/2026 08:19:48 AM, Version = 1.0, CorrelationId = d21302cf-b8ca-4f36-82be-bc72b3cc6898, Id = 0, KafkaTopic = poc-fraud-dev, TransactionId = 36780a27-eab6-436c-8d8f-a8c6274f223f, CustomerId = CUST-0101, AccountId = ACC-00356, Amount = 409.13, Currency = ZAR, MerchantName = Merchant-65, MerchantCategory = gambling, TransactionType = CNP, Channel = ATM, CountryCode = ZA, TransactionTime = 31/08/2026 08:19:48 AM }, RuleResults = System.Collections.Generic.List`1[fraud_poc_project_buss.Models.Fraud.FraudRuleSetRecord], IsFlagged = False, FraudScore = 25, FlaggedReason =  }: 
2026-08-31 10:19:50.109 +02:00 [DBG] Resilience pipeline executing. Source: 'exception/(null)', Operation Key: 'null'
2026-08-31 10:19:50.122 +02:00 [INF] Execution attempt. Source: 'exception/(null)/Retry', Operation Key: 'null', Result: 'void', Handled: 'false', Attempt: '0', Execution Time: 10.7467ms
2026-08-31 10:19:50.128 +02:00 [DBG] Resilience pipeline executed. Source: 'exception/(null)', Operation Key: 'null', Result: 'void', Execution Time: 19.0202ms
2026-08-31 10:19:50.131 +02:00 [INF] Processed transaction b3118138-79de-4bd2-97ab-9c5516206e34: flagged=true, score=70
2026-08-31 10:19:50.133 +02:00 [INF] Transaction data FraudEventRecord { Event = TransactionEvent { PublishedAt = 31/08/2026 08:19:48 AM, Version = 1.0, CorrelationId = 5b19d9c4-1922-45ce-b697-660c4367abe2, Id = 0, KafkaTopic = poc-fraud-dev, TransactionId = b3118138-79de-4bd2-97ab-9c5516206e34, CustomerId = CUST-0161, AccountId = ACC-00208, Amount = 10000, Currency = ZAR, MerchantName = Merchant-4, MerchantCategory = gambling, TransactionType = CNP, Channel = Online, CountryCode = NG, TransactionTime = 31/08/2026 08:19:48 AM }, RuleResults = System.Collections.Generic.List`1[fraud_poc_project_buss.Models.Fraud.FraudRuleSetRecord], IsFlagged = True, FraudScore = 70, FlaggedReason = FOREIGN_CNP, HIGH_RISK_MERCHANT, ROUND_AMOUNT }: 
2026-08-31 10:19:50.136 +02:00 [DBG] Resilience pipeline executing. Source: 'exception/(null)', Operation Key: 'null'
2026-08-31 10:19:50.156 +02:00 [INF] Execution attempt. Source: 'exception/(null)/Retry', Operation Key: 'null', Result: 'void', Handled: 'false', Attempt: '0', Execution Time: 13.4511ms
2026-08-31 10:19:50.162 +02:00 [DBG] Resilience pipeline executed. Source: 'exception/(null)', Operation Key: 'null', Result: 'void', Execution Time: 26.3163ms
2026-08-31 10:19:50.166 +02:00 [INF] Processed transaction 01fd279a-e5ee-4ef4-9efa-ae8aa6abbaca: flagged=false, score=0
2026-08-31 10:19:50.172 +02:00 [INF] Transaction data FraudEventRecord { Event = TransactionEvent { PublishedAt = 31/08/2026 08:19:48 AM, Version = 1.0, CorrelationId = 8c1ca166-2a48-4a95-8df8-564c9787c002, Id = 0, KafkaTopic = poc-fraud-dev, TransactionId = 01fd279a-e5ee-4ef4-9efa-ae8aa6abbaca, CustomerId = CUST-0195, AccountId = ACC-00194, Amount = 2399.54, Currency = ZAR, MerchantName = Merchant-54, MerchantCategory = restaurant, TransactionType = ATM, Channel = Branch, CountryCode = ZA, TransactionTime = 31/08/2026 08:19:48 AM }, RuleResults = System.Collections.Generic.List`1[fraud_poc_project_buss.Models.Fraud.FraudRuleSetRecord], IsFlagged = False, FraudScore = 0, FlaggedReason =  }: 
2026-08-31 10:19:50.175 +02:00 [DBG] Resilience pipeline executing. Source: 'exception/(null)', Operation Key: 'null'
2026-08-31 10:19:50.189 +02:00 [INF] Execution attempt. Source: 'exception/(null)/Retry', Operation Key: 'null', Result: 'void', Handled: 'false', Attempt: '0', Execution Time: 11.6638ms
2026-08-31 10:19:50.194 +02:00 [DBG] Resilience pipeline executed. Source: 'exception/(null)', Operation Key: 'null', Result: 'void', Execution Time: 18.6381ms
2026-08-31 10:19:50.197 +02:00 [INF] Processed transaction d164cae0-27cc-46f4-957c-0c9094e10a52: flagged=false, score=0
2026-08-31 10:19:50.199 +02:00 [INF] Transaction data FraudEventRecord { Event = TransactionEvent { PublishedAt = 31/08/2026 08:19:48 AM, Version = 1.0, CorrelationId = 23d65de0-e75d-40f0-852e-903606371c81, Id = 0, KafkaTopic = poc-fraud-dev, TransactionId = d164cae0-27cc-46f4-957c-0c9094e10a52, CustomerId = CUST-0074, AccountId = ACC-00189, Amount = 1070.11, Currency = ZAR, MerchantName = Merchant-90, MerchantCategory = grocery, TransactionType = EFT, Channel = ATM, CountryCode = ZA, TransactionTime = 31/08/2026 08:19:48 AM }, RuleResults = System.Collections.Generic.List`1[fraud_poc_project_buss.Models.Fraud.FraudRuleSetRecord], IsFlagged = False, FraudScore = 0, FlaggedReason =  }: 
2026-08-31 10:19:50.205 +02:00 [INF] Successfully processed batch of 5 messages in 154.9994ms (32.26 msg/sec)
2026-08-31 10:19:50.206 +02:00 [INF] Processing batch of 5 messages (trigger: size)
2026-08-31 10:19:50.214 +02:00 [DBG] Committed offset: 330
2026-08-31 10:19:50.219 +02:00 [DBG] Resilience pipeline executing. Source: 'exception/(null)', Operation Key: 'null'
2026-08-31 10:19:50.235 +02:00 [INF] Execution attempt. Source: 'exception/(null)/Retry', Operation Key: 'null', Result: 'void', Handled: 'false', Attempt: '0', Execution Time: 12.546ms
2026-08-31 10:19:50.240 +02:00 [DBG] Resilience pipeline executed. Source: 'exception/(null)', Operation Key: 'null', Result: 'void', Execution Time: 20.5852ms
2026-08-31 10:19:50.243 +02:00 [INF] Processed transaction b778132f-9161-4880-bfad-baf1af49e766: flagged=false, score=0
2026-08-31 10:19:50.249 +02:00 [INF] Transaction data FraudEventRecord { Event = TransactionEvent { PublishedAt = 31/08/2026 08:19:48 AM, Version = 1.0, CorrelationId = 0bb1736b-35dc-4bd2-9b3a-04296f71020b, Id = 0, KafkaTopic = poc-fraud-dev, TransactionId = b778132f-9161-4880-bfad-baf1af49e766, CustomerId = CUST-0133, AccountId = ACC-00434, Amount = 4330.62, Currency = ZAR, MerchantName = Merchant-97, MerchantCategory = grocery, TransactionType = CNP, Channel = Mobile, CountryCode = ZA, TransactionTime = 31/08/2026 08:19:48 AM }, RuleResults = System.Collections.Generic.List`1[fraud_poc_project_buss.Models.Fraud.FraudRuleSetRecord], IsFlagged = False, FraudScore = 0, FlaggedReason =  }: 
2026-08-31 10:19:50.251 +02:00 [DBG] Resilience pipeline executing. Source: 'exception/(null)', Operation Key: 'null'
2026-08-31 10:19:50.265 +02:00 [INF] Execution attempt. Source: 'exception/(null)/Retry', Operation Key: 'null', Result: 'void', Handled: 'false', Attempt: '0', Execution Time: 11.6464ms
2026-08-31 10:19:50.270 +02:00 [DBG] Resilience pipeline executed. Source: 'exception/(null)', Operation Key: 'null', Result: 'void', Execution Time: 19.1848ms
2026-08-31 10:19:50.274 +02:00 [INF] Processed transaction 52c2aef7-1698-48ca-9cb4-b014be2d895e: flagged=false, score=25
2026-08-31 10:19:50.280 +02:00 [INF] Transaction data FraudEventRecord { Event = TransactionEvent { PublishedAt = 31/08/2026 08:19:49 AM, Version = 1.0, CorrelationId = 805d2480-b7c3-476e-a5a3-d4bfdc728b9e, Id = 0, KafkaTopic = poc-fraud-dev, TransactionId = 52c2aef7-1698-48ca-9cb4-b014be2d895e, CustomerId = CUST-0005, AccountId = ACC-00176, Amount = 619.42, Currency = ZAR, MerchantName = Merchant-39, MerchantCategory = crypto, TransactionType = EFT, Channel = ATM, CountryCode = ZA, TransactionTime = 31/08/2026 08:19:49 AM }, RuleResults = System.Collections.Generic.List`1[fraud_poc_project_buss.Models.Fraud.FraudRuleSetRecord], IsFlagged = False, FraudScore = 25, FlaggedReason =  }: 
2026-08-31 10:19:50.283 +02:00 [DBG] Resilience pipeline executing. Source: 'exception/(null)', Operation Key: 'null'
2026-08-31 10:19:50.297 +02:00 [INF] Execution attempt. Source: 'exception/(null)/Retry', Operation Key: 'null', Result: 'void', Handled: 'false', Attempt: '0', Execution Time: 12.4639ms
2026-08-31 10:19:50.302 +02:00 [DBG] Resilience pipeline executed. Source: 'exception/(null)', Operation Key: 'null', Result: 'void', Execution Time: 19.4491ms
2026-08-31 10:19:50.305 +02:00 [INF] Processed transaction bba33caa-6a21-4eb7-8e71-1b798306eee5: flagged=false, score=25
2026-08-31 10:19:50.309 +02:00 [INF] Transaction data FraudEventRecord { Event = TransactionEvent { PublishedAt = 31/08/2026 08:19:49 AM, Version = 1.0, CorrelationId = 8d2dc6e8-f322-4828-ad88-a6293ec91d75, Id = 0, KafkaTopic = poc-fraud-dev, TransactionId = bba33caa-6a21-4eb7-8e71-1b798306eee5, CustomerId = CUST-0048, AccountId = ACC-00217, Amount = 3199.34, Currency = ZAR, MerchantName = Merchant-6, MerchantCategory = crypto, TransactionType = ATM, Channel = Mobile, CountryCode = ZA, TransactionTime = 31/08/2026 08:19:49 AM }, RuleResults = System.Collections.Generic.List`1[fraud_poc_project_buss.Models.Fraud.FraudRuleSetRecord], IsFlagged = False, FraudScore = 25, FlaggedReason =  }: 
2026-08-31 10:19:50.312 +02:00 [DBG] Resilience pipeline executing. Source: 'exception/(null)', Operation Key: 'null'
2026-08-31 10:19:50.325 +02:00 [INF] Execution attempt. Source: 'exception/(null)/Retry', Operation Key: 'null', Result: 'void', Handled: 'false', Attempt: '0', Execution Time: 10.9111ms
2026-08-31 10:19:50.329 +02:00 [DBG] Resilience pipeline executed. Source: 'exception/(null)', Operation Key: 'null', Result: 'void', Execution Time: 16.8393ms
2026-08-31 10:19:50.332 +02:00 [INF] Processed transaction 5a2f5250-2dec-4139-acc0-07f040917207: flagged=false, score=0
2026-08-31 10:19:50.333 +02:00 [INF] Transaction data FraudEventRecord { Event = TransactionEvent { PublishedAt = 31/08/2026 08:19:49 AM, Version = 1.0, CorrelationId = b945e96f-a9e5-4e1a-8a80-9e871cecedef, Id = 0, KafkaTopic = poc-fraud-dev, TransactionId = 5a2f5250-2dec-4139-acc0-07f040917207, CustomerId = CUST-0109, AccountId = ACC-00293, Amount = 2680.11, Currency = ZAR, MerchantName = Merchant-10, MerchantCategory = fuel, TransactionType = CNP, Channel = ATM, CountryCode = ZA, TransactionTime = 31/08/2026 08:19:49 AM }, RuleResults = System.Collections.Generic.List`1[fraud_poc_project_buss.Models.Fraud.FraudRuleSetRecord], IsFlagged = False, FraudScore = 0, FlaggedReason =  }: 
2026-08-31 10:19:50.335 +02:00 [DBG] Resilience pipeline executing. Source: 'exception/(null)', Operation Key: 'null'
2026-08-31 10:19:50.353 +02:00 [INF] Execution attempt. Source: 'exception/(null)/Retry', Operation Key: 'null', Result: 'void', Handled: 'false', Attempt: '0', Execution Time: 12.3354ms
2026-08-31 10:19:50.359 +02:00 [DBG] Resilience pipeline executed. Source: 'exception/(null)', Operation Key: 'null', Result: 'void', Execution Time: 24.0727ms
2026-08-31 10:19:50.363 +02:00 [INF] Processed transaction 33ceccea-fd66-4a4b-9892-67c055c56449: flagged=false, score=25
2026-08-31 10:19:50.366 +02:00 [INF] Transaction data FraudEventRecord { Event = TransactionEvent { PublishedAt = 31/08/2026 08:19:49 AM, Version = 1.0, CorrelationId = 6f968e39-bb90-417c-a4f1-e4c5d9c6c95e, Id = 0, KafkaTopic = poc-fraud-dev, TransactionId = 33ceccea-fd66-4a4b-9892-67c055c56449, CustomerId = CUST-0136, AccountId = ACC-00088, Amount = 1055.79, Currency = ZAR, MerchantName = Merchant-37, MerchantCategory = money_transfer, TransactionType = POS, Channel = Branch, CountryCode = ZA, TransactionTime = 31/08/2026 08:19:49 AM }, RuleResults = System.Collections.Generic.List`1[fraud_poc_project_buss.Models.Fraud.FraudRuleSetRecord], IsFlagged = False, FraudScore = 25, FlaggedReason =  }: 
2026-08-31 10:19:50.373 +02:00 [INF] Successfully processed batch of 5 messages in 154.0317ms (32.46 msg/sec)
2026-08-31 10:19:50.375 +02:00 [INF] Processing batch of 5 messages (trigger: size)
2026-08-31 10:19:50.383 +02:00 [DBG] Committed offset: 335
2026-08-31 10:19:50.389 +02:00 [DBG] Resilience pipeline executing. Source: 'exception/(null)', Operation Key: 'null'
2026-08-31 10:19:50.404 +02:00 [INF] Execution attempt. Source: 'exception/(null)/Retry', Operation Key: 'null', Result: 'void', Handled: 'false', Attempt: '0', Execution Time: 12.1099ms
2026-08-31 10:19:50.408 +02:00 [DBG] Resilience pipeline executed. Source: 'exception/(null)', Operation Key: 'null', Result: 'void', Execution Time: 19.4377ms
2026-08-31 10:19:50.411 +02:00 [INF] Processed transaction 626f40ec-5aab-4e88-ac14-4ebc61b203f8: flagged=true, score=65
2026-08-31 10:19:50.417 +02:00 [INF] Transaction data FraudEventRecord { Event = TransactionEvent { PublishedAt = 31/08/2026 08:19:49 AM, Version = 1.0, CorrelationId = 442f3b14-8485-4780-ac06-2f8894813ffc, Id = 0, KafkaTopic = poc-fraud-dev, TransactionId = 626f40ec-5aab-4e88-ac14-4ebc61b203f8, CustomerId = CUST-0177, AccountId = ACC-00402, Amount = 15000, Currency = ZAR, MerchantName = Merchant-57, MerchantCategory = money_transfer, TransactionType = ATM, Channel = ATM, CountryCode = GB, TransactionTime = 31/08/2026 08:19:49 AM }, RuleResults = System.Collections.Generic.List`1[fraud_poc_project_buss.Models.Fraud.FraudRuleSetRecord], IsFlagged = True, FraudScore = 65, FlaggedReason = ATM_WITHDRAWAL_LIMIT, HIGH_RISK_MERCHANT, ROUND_AMOUNT }: 
2026-08-31 10:19:50.420 +02:00 [DBG] Resilience pipeline executing. Source: 'exception/(null)', Operation Key: 'null'
2026-08-31 10:19:50.433 +02:00 [INF] Execution attempt. Source: 'exception/(null)/Retry', Operation Key: 'null', Result: 'void', Handled: 'false', Attempt: '0', Execution Time: 10.8582ms
2026-08-31 10:19:50.437 +02:00 [DBG] Resilience pipeline executed. Source: 'exception/(null)', Operation Key: 'null', Result: 'void', Execution Time: 17.1857ms
2026-08-31 10:19:50.440 +02:00 [INF] Processed transaction 18fcbf61-1c07-4815-ad9b-7cdae100d704: flagged=false, score=0
2026-08-31 10:19:50.442 +02:00 [INF] Transaction data FraudEventRecord { Event = TransactionEvent { PublishedAt = 31/08/2026 08:19:49 AM, Version = 1.0, CorrelationId = eb0e9208-5f5e-4743-a33a-e5ae8743437d, Id = 0, KafkaTopic = poc-fraud-dev, TransactionId = 18fcbf61-1c07-4815-ad9b-7cdae100d704, CustomerId = CUST-0113, AccountId = ACC-00120, Amount = 2243.84, Currency = ZAR, MerchantName = Merchant-76, MerchantCategory = restaurant, TransactionType = EFT, Channel = Mobile, CountryCode = ZA, TransactionTime = 31/08/2026 08:19:49 AM }, RuleResults = System.Collections.Generic.List`1[fraud_poc_project_buss.Models.Fraud.FraudRuleSetRecord], IsFlagged = False, FraudScore = 0, FlaggedReason =  }: 
2026-08-31 10:19:50.444 +02:00 [DBG] Resilience pipeline executing. Source: 'exception/(null)', Operation Key: 'null'
2026-08-31 10:19:50.463 +02:00 [INF] Execution attempt. Source: 'exception/(null)/Retry', Operation Key: 'null', Result: 'void', Handled: 'false', Attempt: '0', Execution Time: 12.2625ms
2026-08-31 10:19:50.468 +02:00 [DBG] Resilience pipeline executed. Source: 'exception/(null)', Operation Key: 'null', Result: 'void', Execution Time: 23.4757ms
2026-08-31 10:19:50.470 +02:00 [INF] Processed transaction 26734074-fe54-4491-8224-29a5aecd213e: flagged=false, score=25
2026-08-31 10:19:50.473 +02:00 [INF] Transaction data FraudEventRecord { Event = TransactionEvent { PublishedAt = 31/08/2026 08:19:49 AM, Version = 1.0, CorrelationId = 5b2408b4-336b-46db-bb93-e1e40fdfd5ea, Id = 0, KafkaTopic = poc-fraud-dev, TransactionId = 26734074-fe54-4491-8224-29a5aecd213e, CustomerId = CUST-0136, AccountId = ACC-00222, Amount = 1789.29, Currency = ZAR, MerchantName = Merchant-56, MerchantCategory = crypto, TransactionType = CNP, Channel = Branch, CountryCode = ZA, TransactionTime = 31/08/2026 08:19:49 AM }, RuleResults = System.Collections.Generic.List`1[fraud_poc_project_buss.Models.Fraud.FraudRuleSetRecord], IsFlagged = False, FraudScore = 25, FlaggedReason =  }: 
2026-08-31 10:19:50.475 +02:00 [DBG] Resilience pipeline executing. Source: 'exception/(null)', Operation Key: 'null'
2026-08-31 10:19:50.498 +02:00 [INF] Execution attempt. Source: 'exception/(null)/Retry', Operation Key: 'null', Result: 'void', Handled: 'false', Attempt: '0', Execution Time: 14.5885ms
2026-08-31 10:19:50.504 +02:00 [DBG] Resilience pipeline executed. Source: 'exception/(null)', Operation Key: 'null', Result: 'void', Execution Time: 29.2626ms
2026-08-31 10:19:50.510 +02:00 [INF] Processed transaction 3e69d185-ad91-40e8-834b-5f2a9879ef41: flagged=false, score=25
2026-08-31 10:19:50.511 +02:00 [INF] Transaction data FraudEventRecord { Event = TransactionEvent { PublishedAt = 31/08/2026 08:19:49 AM, Version = 1.0, CorrelationId = 31c40ac2-026c-4d86-8957-b2a24e8c9331, Id = 0, KafkaTopic = poc-fraud-dev, TransactionId = 3e69d185-ad91-40e8-834b-5f2a9879ef41, CustomerId = CUST-0042, AccountId = ACC-00070, Amount = 4446.79, Currency = ZAR, MerchantName = Merchant-70, MerchantCategory = money_transfer, TransactionType = POS, Channel = ATM, CountryCode = ZA, TransactionTime = 31/08/2026 08:19:49 AM }, RuleResults = System.Collections.Generic.List`1[fraud_poc_project_buss.Models.Fraud.FraudRuleSetRecord], IsFlagged = False, FraudScore = 25, FlaggedReason =  }: 
2026-08-31 10:19:50.513 +02:00 [DBG] Resilience pipeline executing. Source: 'exception/(null)', Operation Key: 'null'
2026-08-31 10:19:50.524 +02:00 [INF] Execution attempt. Source: 'exception/(null)/Retry', Operation Key: 'null', Result: 'void', Handled: 'false', Attempt: '0', Execution Time: 9.134ms
2026-08-31 10:19:50.528 +02:00 [DBG] Resilience pipeline executed. Source: 'exception/(null)', Operation Key: 'null', Result: 'void', Execution Time: 15.1906ms
2026-08-31 10:19:50.531 +02:00 [INF] Processed transaction 4a977504-7332-4c4f-9c74-d9815b151864: flagged=false, score=0
2026-08-31 10:19:50.533 +02:00 [INF] Transaction data FraudEventRecord { Event = TransactionEvent { PublishedAt = 31/08/2026 08:19:49 AM, Version = 1.0, CorrelationId = 4bbb6660-36ef-439a-be49-6a64bb9ca630, Id = 0, KafkaTopic = poc-fraud-dev, TransactionId = 4a977504-7332-4c4f-9c74-d9815b151864, CustomerId = CUST-0084, AccountId = ACC-00234, Amount = 3424.67, Currency = ZAR, MerchantName = Merchant-91, MerchantCategory = travel, TransactionType = ATM, Channel = Online, CountryCode = ZA, TransactionTime = 31/08/2026 08:19:49 AM }, RuleResults = System.Collections.Generic.List`1[fraud_poc_project_buss.Models.Fraud.FraudRuleSetRecord], IsFlagged = False, FraudScore = 0, FlaggedReason =  }: 
2026-08-31 10:19:50.535 +02:00 [INF] Successfully processed batch of 5 messages in 147.3898ms (33.92 msg/sec)
2026-08-31 10:19:50.541 +02:00 [INF] Processing batch of 5 messages (trigger: size)
2026-08-31 10:19:50.547 +02:00 [DBG] Committed offset: 340
2026-08-31 10:19:50.550 +02:00 [DBG] Resilience pipeline executing. Source: 'exception/(null)', Operation Key: 'null'
2026-08-31 10:19:50.566 +02:00 [INF] Execution attempt. Source: 'exception/(null)/Retry', Operation Key: 'null', Result: 'void', Handled: 'false', Attempt: '0', Execution Time: 10.5931ms
2026-08-31 10:19:50.575 +02:00 [DBG] Resilience pipeline executed. Source: 'exception/(null)', Operation Key: 'null', Result: 'void', Execution Time: 24.8793ms
2026-08-31 10:19:50.578 +02:00 [INF] Processed transaction a42cce40-71a1-41c3-8ef8-d56b5f1f642f: flagged=true, score=70
2026-08-31 10:19:50.581 +02:00 [INF] Transaction data FraudEventRecord { Event = TransactionEvent { PublishedAt = 31/08/2026 08:19:49 AM, Version = 1.0, CorrelationId = f6344c46-ff0f-4ea7-8a5f-59c7a31773ab, Id = 0, KafkaTopic = poc-fraud-dev, TransactionId = a42cce40-71a1-41c3-8ef8-d56b5f1f642f, CustomerId = CUST-0119, AccountId = ACC-00122, Amount = 15000, Currency = ZAR, MerchantName = Merchant-83, MerchantCategory = gambling, TransactionType = CNP, Channel = Online, CountryCode = US, TransactionTime = 31/08/2026 08:19:49 AM }, RuleResults = System.Collections.Generic.List`1[fraud_poc_project_buss.Models.Fraud.FraudRuleSetRecord], IsFlagged = True, FraudScore = 70, FlaggedReason = FOREIGN_CNP, HIGH_RISK_MERCHANT, ROUND_AMOUNT }: 
2026-08-31 10:19:50.586 +02:00 [DBG] Resilience pipeline executing. Source: 'exception/(null)', Operation Key: 'null'
2026-08-31 10:19:50.601 +02:00 [INF] Execution attempt. Source: 'exception/(null)/Retry', Operation Key: 'null', Result: 'void', Handled: 'false', Attempt: '0', Execution Time: 11.3575ms
2026-08-31 10:19:50.606 +02:00 [DBG] Resilience pipeline executed. Source: 'exception/(null)', Operation Key: 'null', Result: 'void', Execution Time: 20.0385ms
2026-08-31 10:19:50.611 +02:00 [INF] Processed transaction 2dbe5902-5d81-45f8-9111-834471073c6f: flagged=false, score=0
2026-08-31 10:19:50.618 +02:00 [INF] Transaction data FraudEventRecord { Event = TransactionEvent { PublishedAt = 31/08/2026 08:19:49 AM, Version = 1.0, CorrelationId = 0a8e8bf8-bc9f-4f7f-8f3f-24d881688ba1, Id = 0, KafkaTopic = poc-fraud-dev, TransactionId = 2dbe5902-5d81-45f8-9111-834471073c6f, CustomerId = CUST-0172, AccountId = ACC-00180, Amount = 3341.61, Currency = ZAR, MerchantName = Merchant-36, MerchantCategory = fuel, TransactionType = POS, Channel = Mobile, CountryCode = ZA, TransactionTime = 31/08/2026 08:19:49 AM }, RuleResults = System.Collections.Generic.List`1[fraud_poc_project_buss.Models.Fraud.FraudRuleSetRecord], IsFlagged = False, FraudScore = 0, FlaggedReason =  }: 
2026-08-31 10:19:50.620 +02:00 [DBG] Resilience pipeline executing. Source: 'exception/(null)', Operation Key: 'null'
2026-08-31 10:19:50.634 +02:00 [INF] Execution attempt. Source: 'exception/(null)/Retry', Operation Key: 'null', Result: 'void', Handled: 'false', Attempt: '0', Execution Time: 11.8904ms
2026-08-31 10:19:50.640 +02:00 [DBG] Resilience pipeline executed. Source: 'exception/(null)', Operation Key: 'null', Result: 'void', Execution Time: 19.9015ms
2026-08-31 10:19:50.643 +02:00 [INF] Processed transaction 7e39b6eb-685f-4659-9521-53657da90079: flagged=false, score=0
2026-08-31 10:19:50.649 +02:00 [INF] Transaction data FraudEventRecord { Event = TransactionEvent { PublishedAt = 31/08/2026 08:19:49 AM, Version = 1.0, CorrelationId = 7ebc3b4f-171a-4f5e-a29f-99abd3d23b67, Id = 0, KafkaTopic = poc-fraud-dev, TransactionId = 7e39b6eb-685f-4659-9521-53657da90079, CustomerId = CUST-0175, AccountId = ACC-00097, Amount = 4631.24, Currency = ZAR, MerchantName = Merchant-99, MerchantCategory = grocery, TransactionType = POS, Channel = Mobile, CountryCode = NG, TransactionTime = 31/08/2026 08:19:49 AM }, RuleResults = System.Collections.Generic.List`1[fraud_poc_project_buss.Models.Fraud.FraudRuleSetRecord], IsFlagged = False, FraudScore = 0, FlaggedReason =  }: 
2026-08-31 10:19:50.651 +02:00 [DBG] Resilience pipeline executing. Source: 'exception/(null)', Operation Key: 'null'
2026-08-31 10:19:50.664 +02:00 [INF] Execution attempt. Source: 'exception/(null)/Retry', Operation Key: 'null', Result: 'void', Handled: 'false', Attempt: '0', Execution Time: 11.4755ms
2026-08-31 10:19:50.669 +02:00 [DBG] Resilience pipeline executed. Source: 'exception/(null)', Operation Key: 'null', Result: 'void', Execution Time: 18.121ms
2026-08-31 10:19:50.672 +02:00 [INF] Processed transaction c9e66c86-12df-45f8-aab5-74a776f93578: flagged=false, score=0
2026-08-31 10:19:50.679 +02:00 [INF] Transaction data FraudEventRecord { Event = TransactionEvent { PublishedAt = 31/08/2026 08:19:49 AM, Version = 1.0, CorrelationId = 9bd56a11-95b5-4ea3-b4dc-e55332bd632a, Id = 0, KafkaTopic = poc-fraud-dev, TransactionId = c9e66c86-12df-45f8-aab5-74a776f93578, CustomerId = CUST-0183, AccountId = ACC-00453, Amount = 4117.06, Currency = ZAR, MerchantName = Merchant-76, MerchantCategory = fuel, TransactionType = CNP, Channel = Mobile, CountryCode = ZA, TransactionTime = 31/08/2026 08:19:49 AM }, RuleResults = System.Collections.Generic.List`1[fraud_poc_project_buss.Models.Fraud.FraudRuleSetRecord], IsFlagged = False, FraudScore = 0, FlaggedReason =  }: 
2026-08-31 10:19:50.681 +02:00 [DBG] Resilience pipeline executing. Source: 'exception/(null)', Operation Key: 'null'
2026-08-31 10:19:50.695 +02:00 [INF] Execution attempt. Source: 'exception/(null)/Retry', Operation Key: 'null', Result: 'void', Handled: 'false', Attempt: '0', Execution Time: 12.0122ms
2026-08-31 10:19:50.701 +02:00 [DBG] Resilience pipeline executed. Source: 'exception/(null)', Operation Key: 'null', Result: 'void', Execution Time: 19.5113ms
2026-08-31 10:19:50.704 +02:00 [INF] Processed transaction 605229f1-43bf-4bf0-8644-4014eb6f6302: flagged=true, score=70
2026-08-31 10:19:50.710 +02:00 [INF] Transaction data FraudEventRecord { Event = TransactionEvent { PublishedAt = 31/08/2026 08:19:49 AM, Version = 1.0, CorrelationId = 8aec7f02-42f6-4963-bb75-ec445aaccf95, Id = 0, KafkaTopic = poc-fraud-dev, TransactionId = 605229f1-43bf-4bf0-8644-4014eb6f6302, CustomerId = CUST-0057, AccountId = ACC-00464, Amount = 5000, Currency = ZAR, MerchantName = Merchant-22, MerchantCategory = gambling, TransactionType = CNP, Channel = Online, CountryCode = NG, TransactionTime = 31/08/2026 08:19:49 AM }, RuleResults = System.Collections.Generic.List`1[fraud_poc_project_buss.Models.Fraud.FraudRuleSetRecord], IsFlagged = True, FraudScore = 70, FlaggedReason = FOREIGN_CNP, HIGH_RISK_MERCHANT, ROUND_AMOUNT }: 
2026-08-31 10:19:50.714 +02:00 [INF] Successfully processed batch of 5 messages in 164.5653ms (30.38 msg/sec)
2026-08-31 10:19:50.717 +02:00 [INF] Processing batch of 5 messages (trigger: size)
2026-08-31 10:19:50.724 +02:00 [DBG] Committed offset: 345
